mention_id,scan_date,brand_id,brand_name,product,source_name,source_type,domain,url,title,snippet,published_date,platform,is_first_party,is_partner_or_reseller,discovery_source,signal_score,sentiment
586369fadac3066d,2026-06-05T17:11:15Z,github,GitHub,,Hacker News,news_article,news.ycombinator.com,https://news.ycombinator.com/item?id=48414869,Launch HN: General Instinct (YC P26) – Frontier models on edge devices,"Hey HN, Guanming and Bill here from General Instinct (https://general-instinct.com/).After years of working in robotics, we kept running into the same problem: the best models never fit the hardware we actually had available.The models that performed best were usually designed around datacenter assumptions: large GPUs, lots of memory bandwidth, and reliable network access. But most physical systems have the opposite constraints.That led us down the path of figuring out how much of a frontier mod",2026-06-05,web,False,False,known_rss,70,positive
9fc154dec4804130,2026-06-05T17:10:52Z,github,GitHub,GitHub Copilot,Visual Studio Magazine,news_article,news.google.com,https://news.google.com/rss/articles/CBMi0wFBVV95cUxObG1rMmgxOXRTRUszaWxHQkdGbDRxeHNIT3dTX0ZOZ3RjMmhXcXo4UVRsZ3ZkSnZDMUIzR3VtSWFBT0ZPOG5YVE5ZaWQ3a0trNGZPelpORnllVXJUTXB1M0NSLXBsNEpJdk9hbm9Uc3NZZDlrZURNRzZ1N3ZfVTNfNG9oSUdTMzBoZjQwSzhjR2dhSl9TYkp2V0xRbi1qUlRxeHhkUGgyTlJaVjdockFNR05UV05ETjhzam9SZFIzUEpzTDVPOHZjNFo1T2VwYnpvTElZ?oc=5,Hands On with GitHub Copilot App Technical Preview: Turning a Blazor Issue into a PR,Hands On with GitHub Copilot App Technical Preview: Turning a Blazor Issue into a PR  Visual Studio Magazine,2026-06-04,web,False,False,google_news_rss,60,negative
cf2df078130545af,2026-06-05T17:10:25Z,openai,OpenAI,ChatGPT,OpenAI,news_article,news.google.com,https://news.google.com/rss/articles/CBMiXkFVX3lxTFBOd2FyMkVXZ01LRFZHMHZ2Wk1HeTlSOEMtNGd0azhKMi1tT0JZWkZVaHR3UUdFS0NMUzZpNEtIcExsaVo3Y1BON3ExVWR6a3F3bkp6Y1FvV2s0bGZCWFE?oc=5,Dreaming: Better memory for a more helpful ChatGPT,Dreaming: Better memory for a more helpful ChatGPT  OpenAI,2026-06-04,web,False,False,google_news_rss,55,neutral
78f6e30813c012d7,2026-06-05T17:10:25Z,openai,OpenAI,ChatGPT,Engadget,news_article,news.google.com,https://news.google.com/rss/articles/CBMiqgFBVV95cUxPWlZ4anktbnhLUkQ1ajhma2lhQWhrdUgtbzVCU2pGVHA3UU9SVE5WRXMtRDhOc0psNzlCWVBCdlhIRFFwRU1TdG9US3MzalBrRlJBdkZpZWoxTkxaS0xMLVhLSXRsbjQyMzVXUlVLblBteHJXR0h4TDRJWThMSHIwWkNEbV9xOFE5OU55YmRXclYyS0IzVWNXQWVHSDR3bUE4OFhKU09MemMxUQ?oc=5,"ChatGPT's Memory Is Getting Better, Especially If You're On The Free Tier","ChatGPT's Memory Is Getting Better, Especially If You're On The Free Tier  Engadget",2026-06-04,web,False,False,google_news_rss,55,neutral
18f66fd65845afed,2026-06-05T17:10:25Z,openai,OpenAI,ChatGPT,PCWorld,news_article,news.google.com,https://news.google.com/rss/articles/CBMisgFBVV95cUxNeDdlY1JocVpwRFNvRVByTzFGY1RLUy1VMGFRMVVXa1hBTk9DVFMyX2xxRFFpTDdQMHZNR0IxNm9GOFUyUDBKR1hQM0VKLUdsSFlKTFlIb0xiNm9pOVpKeHVpbDZ3NjJMc1NTY0NxUmY0QVdSLW1aTFNMQnh3LXJJbDduUHhDTFowWjBWVFRmdGFlamZDTUJ4WHRGNmRERXNraWxveXJsbHZIQWZhektaYnBn?oc=5,ChatGPT’s new ‘dreaming’ feature makes it way better at remembering you,ChatGPT’s new ‘dreaming’ feature makes it way better at remembering you  PCWorld,2026-06-05,web,False,False,google_news_rss,55,neutral
1e26c837863de07e,2026-06-05T17:10:25Z,openai,OpenAI,ChatGPT,The New York Times,news_article,news.google.com,https://news.google.com/rss/articles/CBMinwFBVV95cUxNcWkwX1plLS1fY0JPZFc0eThwRDFVWDdKRkF0aWowOFhhQ3k0TVBKOXNiM2lMWnUtX3hjWk5TRzB1NUU0QUJDZWVTVnAwOVFDYU9ZRWh5UEtPdzRCdFVJb2xzb0piOGFDWnJvaFFDeFZtSHNnOGVpSXdiT1VLSVdhUHJWUmoxZTFQR3pVVDkwSUZDYjZpTlBxajJTal9GREU?oc=5,Can These ChatGPT Ads Make You Love A.I.?,Can These ChatGPT Ads Make You Love A.I.?  The New York Times,2026-06-04,web,False,False,google_news_rss,55,neutral
cb48e74a4421dde9,2026-06-05T17:10:25Z,openai,OpenAI,ChatGPT,CBS News,news_article,news.google.com,https://news.google.com/rss/articles/CBMiiAFBVV95cUxOcFhKZjVQVG52WXAtcUttSWJfRzU4VjRJMEEteXZOLXQxSC04S1JLaTJBVXdqS1pycmpnelNkMEJNSGFCRTZBZ3BVQ3FIS3JOWVVJMnEtSkNUeVFQVlMwUUhHdm9nSFRTX3p0V2pkcHRoZlR1N3JYRTd1Mlp6eGRzSE50RWRIUVNZ?oc=5,Mom of Auburn college student missing in Japan says they argued over ChatGPT before he disappeared,Mom of Auburn college student missing in Japan says they argued over ChatGPT before he disappeared  CBS News,2026-06-05,web,False,False,google_news_rss,55,neutral
83becd9c49c0d3c1,2026-06-05T17:10:25Z,openai,OpenAI,ChatGPT,Space Daily,news_article,news.google.com,https://news.google.com/rss/articles/CBMixwJBVV95cUxNeHlsY05admpMd1pvYkt2NDc4XzczNkR0a3dlYmN5UWxKOVItdGpyQlJNM3BZcDQyTE1QTWhUejVjZE42Tk5qck9WSUU4b3BKQzg2QXZpekVrWFNpb3NwakhHNnNmbGtOTUhlem4tTVlhYVk0SW1JTVdzZnlfemV3Qm1QLW5ZbWpPS3RsTUpUYk9WTHNfMTFjUXNGYndUSkdxNFF0djVMNDBMQ1ZDdmpTR0dqcDFQcVJsMzBacjU0ejVGT2wwMWkwd0RIdFdOOW5RaHB2U0EtSVdNWjZHTTE3UlpfTUt6c3pwbTFLckhNZFR1bnBsa3VkNDJvTU9xblRlelNBdFJYWFBBSHEzR1k2cENGOW9KODVVOUpTUkJnZW9LWXZRSzlHcnY4eXV6ajQtT0RpNlVGd0JDTkxDM2xSSEhObnVxZUU?oc=5,"Writing a single 100-word email with ChatGPT consumes approximately the volume of a standard bottle of water, the global infrastructure processing AI queries is projected to use the equivalent of half the United Kingdom's annual water withdrawal by 2027, an","Writing a single 100-word email with ChatGPT consumes approximately the volume of a standard bottle of water, the global infrastructure processing AI queries is projected to use the equivalent of half the United Kingdom's annual water withdrawal by 2027, an  Space Daily",2026-06-03,web,False,False,google_news_rss,55,neutral
8101d3d3430041af,2026-06-05T17:10:25Z,openai,OpenAI,ChatGPT,Forbes,news_article,news.google.com,https://news.google.com/rss/articles/CBMirgFBVV95cUxOc2l5ZWZMeHpiZWpkd0pPNEdfWjB4Q2Q2eVYwazF3QTd3UUdrUnY1VWFBLTBnUjN3Y3hMUF9jMVpjdmVhVkxVQ2dfMU5yZnhiNV9UNzZ3TnhhYnd6Q1liR01NLWROZVB1b3hWRFU1S3RTRHhZOEplMmlac2p0d3lIblNSc2o3TXpDSHFMM2M2NW12cFBwa2stMElaUEFlUzBYdjduRW9rMHBMbVlvRGc?oc=5,5 ChatGPT Prompts To Help You Become A Better Negotiator,5 ChatGPT Prompts To Help You Become A Better Negotiator  Forbes,2026-06-03,web,False,False,google_news_rss,55,neutral
7ee8a82e3c6c260a,2026-06-05T17:10:25Z,openai,OpenAI,ChatGPT,ADWEEK,news_article,news.google.com,https://news.google.com/rss/articles/CBMisgFBVV95cUxNd1I5RVRBWk5jZGh4ZERfdGFCenAyQ3NucHpUWjFydGZIMUotWFN1OVFzcDJEcFdqUVZkdnEzWXJDX3lBVEFEa2t2ZWV5OHA4MnFscE5lS0MyV1YzeHVHZDd3c3JTdzA5MzE4Smw5UjlabzgxN1ZZQXdydDlyalFYVVVNTzZBbFhBM2pSWWxVY3B4N0E1VWkyeFB6c3JoNnZvYklCcGJPbWNLUzdZbkVUWHRB?oc=5,"EXCLUSIVE: Criteo Cuts ChatGPT Ad Minimums, Offers Incentives to Woo Retailer Brands","EXCLUSIVE: Criteo Cuts ChatGPT Ad Minimums, Offers Incentives to Woo Retailer Brands  ADWEEK",2026-06-04,web,False,False,google_news_rss,55,neutral
64ef40c15d204021,2026-06-05T17:10:25Z,openai,OpenAI,ChatGPT,People.com,news_article,news.google.com,https://news.google.com/rss/articles/CBMiygFBVV95cUxNYU1iMzZSczlLQXhyTll0bVhnYTZ1QThZankwNFVQdnFiZ3JBWVJtZkJGRnNaM19YaFZRbEY1S1lveHhRZ1lGQmhMeFptaml2YUFkcHVHMXRRSzNFTzlxLVBKZnpxbzJGeFdsRXdFNkM0UWNWaHB0UDlRMnc4eV9hVGczQXRYdWtsNGpzV29ycjFvWWNHN3dIUS1ycEtraF9hZkpFcllFVDE0dEpId29jdE5zNHdleGFhdjFKTnBORkxNQ0tKTWd4UjNB?oc=5,Missing Auburn Student Disappeared After Arguing with His Mom Over ChatGPT,Missing Auburn Student Disappeared After Arguing with His Mom Over ChatGPT  People.com,2026-06-05,web,False,False,google_news_rss,55,neutral
ac59fadd16a8224e,2026-06-05T17:10:25Z,openai,OpenAI,ChatGPT,WSJ,news_article,news.google.com,https://news.google.com/rss/articles/CBMiiwFBVV95cUxPeXdfRkl6eW0zMTV1eTVMaXJkTElueld1YlJXUUtUY2hJdUZVWGR1b3FJTDJSZnUybjNwN3N3YmRTYmRMNFJZdjhSakdsRzdTUVZrOUd2VlFlNWxwQkExaERrUHpyeUZPQl9DQUw4M0xReS1HR2diaTFWVzhCajVyTmhjaGFjaW9GaDNz?oc=5,Estonia Is Fighting Brain Rot—With Free ChatGPT,Estonia Is Fighting Brain Rot—With Free ChatGPT  WSJ,2026-06-05,web,False,False,google_news_rss,55,neutral
a1944ef6d9505401,2026-06-05T17:10:25Z,openai,OpenAI,ChatGPT,Reuters,news_article,news.google.com,https://news.google.com/rss/articles/CBMiuAFBVV95cUxQc1N4SVoxYU44cUhoZzRTNVA4c2kxQk5NdzE0cjMzWFBIUnZZTnlDb0NjM1diQTdHY2tEaVNDeVI3bWNWOXIzQUYwQVowSUVhdEpfN0Jza3FDQk5RcmU2QmRrX1c0dnVGVkxwN0g1cXo2YzhZenJoN3N4SjNSRm83dEh4dmhjTGlLLUg0MzlTV3A2ZnVWQ0x3bl9IRW5hbll0VkRXbWxGa3AzcXAzelhLb2dFSUtaSG9H?oc=5,"ChatGPT app hits 1 billion monthly active users in record time, data shows","ChatGPT app hits 1 billion monthly active users in record time, data shows  Reuters",2026-06-02,web,False,False,google_news_rss,55,neutral
ffa92d28c72fc00f,2026-06-05T17:10:25Z,openai,OpenAI,ChatGPT,The Walrus,news_article,news.google.com,https://news.google.com/rss/articles/CBMijgFBVV95cUxOSExFNk5rZ29ucUU0cHU1U292NzJwYXYtazZfV2RrUW5mbzFTSzJHaG9wOF9EamZSUWYwaTBiQy1vU3F5Rlk3RjlmRkkzYU16V3BPN20yVlpsSUVOeFhKbml1Q09HeFpTbFlvYUZQWDByekZqRVQ0ZkZCa0VQWVc4SGg0c2dIdmwyUkpsR2x3?oc=5,ChatGPT Isn’t Just Changing How We Work. It’s Harming How We Think,ChatGPT Isn’t Just Changing How We Work. It’s Harming How We Think  The Walrus,2026-06-03,web,False,False,google_news_rss,55,neutral
8e2419d7c721b86a,2026-06-05T17:10:25Z,openai,OpenAI,ChatGPT,KevinMD.com,news_article,news.google.com,https://news.google.com/rss/articles/CBMikwFBVV95cUxNWHZvcjR4YjlJblRZNVJlMkJlYk9TVnN1UjFWRW5EYWpEZ1ZoUXFTWFVqZmJicV9GVUlDMjFzd2pyMnVzSzBOWFYwa2pUUFpKbkRVeVZMLTc0MDlyNHNwZW1LYnZnRDktVzQ4c1FiUHFTTWFPMEtpSC1uTFppUGdOOVRVcEdnRVZxazVNYS1abXZmYzg?oc=5,Why ChatGPT can’t write your residency personal statement,Why ChatGPT can’t write your residency personal statement  KevinMD.com,2026-06-05,web,False,False,google_news_rss,55,neutral
44187101da0b6bbb,2026-06-05T17:10:25Z,openai,OpenAI,ChatGPT,National Catholic Register,news_article,news.google.com,https://news.google.com/rss/articles/CBMifkFVX3lxTE4tZUFwYzh4YXdoWWFXZ1hXLWRROXJCMGREMVpDZnBkcml6aXU1QlZTbVhfd3RRVWs3TWR5UUFPaDNiQ185M3FvVVRTcTR5WFBoMEFrNi1heG5KbjlWRkZENmxlNEp5U05MU1lPdU9hSmxpSWd1UFFoeE1GVE1pZ9IBgwFBVV95cUxQMG84QlFYOHlhU3kyOGxVQ3hQOFRXVThpcW9zQmlRMklVRVpESHBib253WlpPcTRvWWI2VV9fR1J2Y09TNnRyWGRuMGQ5cWg5M0ZzZEJfY05iSG5QVXFsN1YxczRHNXdQckJPQndGSExicXBkNWxvMldaZjFYZWNqVDdscw?oc=5,What Does ChatGPT Have to Do With Slavery? ‘Magnifica Humanitas’ Highlights AI’s Hidden Exploitation,What Does ChatGPT Have to Do With Slavery? ‘Magnifica Humanitas’ Highlights AI’s Hidden Exploitation  National Catholic Register,2026-06-05,web,False,False,google_news_rss,55,neutral
ef5d75b767b21591,2026-06-05T17:10:25Z,openai,OpenAI,ChatGPT,ScienceDaily,news_article,news.google.com,https://news.google.com/rss/articles/CBMib0FVX3lxTE1GTGhkTnFBZWV2dWZORGVmVVdpQTF1YjFBR3FjR0tycHFudGpRUlFHdWpPRkgzN3JsYldnaWZzYWMtTVJWc0VLeTA0RjM0eUlRSkVVMV9XVWVPNGpsd19KYXA0ZXJsdUZ2WFNEQU4yZw?oc=5,Scientists are seriously asking if bees and ChatGPT are conscious,Scientists are seriously asking if bees and ChatGPT are conscious  ScienceDaily,2026-06-05,web,False,False,google_news_rss,55,neutral
59c2dbd5d347aaa4,2026-06-05T17:10:25Z,openai,OpenAI,ChatGPT,ZDNET,news_article,news.google.com,https://news.google.com/rss/articles/CBMiggFBVV95cUxNeWhtX2JIbGN0Y0o4V090dTFORGpPZl82UG5HSnNRNGJ0RU4tbHhaUU9jckZ6anF3RS1LMTg0enFITnZZcEF6R3JlYmRoT05vcFN4SHJnaF9TZFdEb3NxZTl1T1Nlb3JZRFJqRDVLLTBLZnVQLXVlaHYzbUtTU09JRVBB?oc=5,How to use ChatGPT: A beginner's guide to mastering OpenAI's chatbot in 2026,How to use ChatGPT: A beginner's guide to mastering OpenAI's chatbot in 2026  ZDNET,2026-06-03,web,False,False,google_news_rss,55,neutral
ccc0258272721c90,2026-06-05T17:10:25Z,openai,OpenAI,ChatGPT,YouGov,news_article,news.google.com,https://news.google.com/rss/articles/CBMisAFBVV95cUxOVGhPQnJuVFBQMkdKN3IySUQ2MWdVaXc5WG9vei1STEVDVlhTNkxiOWlVNENRODB2eUotWWdnTDZjVWdmdFJZM3dxSW4zQURNWTlhSWMtN3I2QXVPQ0h0VW1QMnBjTnQ2NW81cUplT2xnNEFmSnBleFJveW5ROG1tTV93LXpuYXVncU4ydWpDQnpuVnppWExySHYtY183MU1Zbmd6RjIxRnh1YmhXQk1GOQ?oc=5,"As OpenAI reportedly prepares an IPO, what do the public make of ChatGPT?","As OpenAI reportedly prepares an IPO, what do the public make of ChatGPT?  YouGov",2026-06-05,web,False,False,google_news_rss,55,neutral
bc18d2afaa159f82,2026-06-05T17:10:25Z,openai,OpenAI,ChatGPT,TMZ,news_article,news.google.com,https://news.google.com/rss/articles/CBMijAFBVV95cUxOQ1JBZW1kZFhRVVF3dkFpVWN1WnRsV2VTeTByVkhCV2xMazFoQU1Dc3lQNUdvZFd1cnEzY3BDdHdUNVhmQ2hja1dKNTRSMlg0R1h1TXhSQmlYMHNmS1ZDLW1IM190UndETjlxNzFobFQzTER5WENKVEZWOTJCVzlBRkRLV2hXNllVRzI2TA?oc=5,"Ashlee Jenae Asked ChatGPT Suicide-Related Questions Before Death, Police Say","Ashlee Jenae Asked ChatGPT Suicide-Related Questions Before Death, Police Say  TMZ",2026-06-05,web,False,False,google_news_rss,55,neutral
ab3dd17352e18f4e,2026-06-05T17:10:25Z,openai,OpenAI,ChatGPT,CBS News,news_article,news.google.com,https://news.google.com/rss/articles/CBMihAFBVV95cUxQbmVnQjNUUV9EUTlzRTA4SkpRVWpoR3A2aU9udWRIQU1fM29mVVY3NWJuM2RoY2ZWb3k4MHhRMjFFRkJma2ZCZWpKNzhjVkpMcXVscG0xZG04UE9ick1qeGNvd0h6cUN0Y09iOXFNSHl5dVdnUzdqVE1UaDVyOXRpQjcyOGk?oc=5,She waited for a soulmate who never showed up: ChatGPT users detail AI delusions,She waited for a soulmate who never showed up: ChatGPT users detail AI delusions  CBS News,2026-06-04,web,False,False,google_news_rss,55,neutral
c9e4cd8116e261bb,2026-06-05T17:10:28Z,openai,OpenAI,ChatGPT,PPC Land,news_article,news.google.com,https://news.google.com/rss/articles/CBMilwFBVV95cUxPS3ZfcGp0OVBSSHdkNGw0UzNJR0w5VjBHblNuUFQ4T2xPRmVFSDRMTWp2OTJRa3djczVNMmdDaTBuSHBqNUdrY20zOE82NE9XNXo2V2NmZlNDSjIxenRNdjMyVl8yRUJfV2toZ2pJcFZMMExySFZHT1cyQk1QaElLNGw2NmJPMmdqOXZ3OXJLMkQyUkRCREtj?oc=5,OpenAI's ChatGPT ads are getting conversion optimization - here's what changes,OpenAI's ChatGPT ads are getting conversion optimization - here's what changes  PPC Land,2026-05-30,web,False,False,google_news_rss,55,neutral
c253507694adcd8f,2026-06-05T17:10:49Z,github,GitHub,GitHub Copilot,Business Insider,news_article,news.google.com,https://news.google.com/rss/articles/CBMikgFBVV95cUxPTHBHXzM3UUF4b1k2ZmtiREJmZkJqRnN5WXJEUG96eHFMdUlZem9ESXYwZDFPZFBwRmJPZ202MFkwQ0dIMnBWSEs5WkNVTzRMNHdCenJfOWxLRUVUeDFtOUE3S0dLaEtJMXhvamJFUjZiRHhKYUpjUkNTOTd0TVBvT096UkFVWmVFOTRaUVh4Yk5oQQ?oc=5,GitHub Copilot users get a rude awakening as new AI pricing goes into effect,GitHub Copilot users get a rude awakening as new AI pricing goes into effect  Business Insider,2026-06-03,web,False,False,google_news_rss,55,neutral
b49b536291449673,2026-06-05T17:10:49Z,github,GitHub,GitHub Copilot,Thurrott.com,news_article,news.google.com,https://news.google.com/rss/articles/CBMijgFBVV95cUxPck9nR25ZYmM1RE9TVDltMWdPa3BFeUZLZG51MHRsVVFiZlAzTXNXMVN1T2FWcXVSUDM5OTZsc1N4SmxJRWpXVmdmbGNSalBnT0p0dzh0RzRPandBY0FpRlFKX1dRd3Y1TzFJbFB6V0hDdE9ZRF84ei1taVNZMWliWGI5Szlibk5yYnRVbHJ3?oc=5,Build 2026: Microsoft Announces GitHub Copilot App,Build 2026: Microsoft Announces GitHub Copilot App  Thurrott.com,2026-06-02,web,False,False,google_news_rss,55,neutral
a28c949283b371c3,2026-06-05T17:10:49Z,github,GitHub,GitHub Copilot,The GitHub Blog,news_article,news.google.com,https://news.google.com/rss/articles/CBMipAFBVV95cUxNMGNWU2Q0Yzh6b0QtVXRuSzl1elYtOExqQUo1dTJkYUlLZkRLNWF4ZThKN1pTWnFNWnlXYzVZTmZnNE9qVVl2Tl84Q0hwMFJlMmZLczEzQVVXdXZUT0lmTE1TX0dTV1dLRVZ6RTdBOWpndDktd2F5eGlOSkpYX3dFcWNXLThhZUpVMWtQeHg2Q0FuS2VNZ0pNWkZIOW83WENtei1xNw?oc=5,GitHub Copilot app: The agent-native desktop experience,GitHub Copilot app: The agent-native desktop experience  The GitHub Blog,2026-06-02,web,False,False,google_news_rss,55,neutral
adfa9a68839ec1f0,2026-06-05T17:10:49Z,github,GitHub,GitHub Copilot,The New Stack,news_article,news.google.com,https://news.google.com/rss/articles/CBMiYkFVX3lxTE42RENKaU5uN3VKYjQ1QUdURnoxLTBuZjhnczF6bkU3T3JGeUdTUDNTNi1vNU80WThobWJ3NmltaTBzYUF5M0d5WDJScTM4QWMzQ0tNaDkzR0xBVExfakc0ZXVR?oc=5,GitHub Copilot’s usage-based billing is live: Here’s what you need to know,GitHub Copilot’s usage-based billing is live: Here’s what you need to know  The New Stack,2026-06-02,web,False,False,google_news_rss,55,neutral
fa3494e7af388bc7,2026-06-05T17:10:49Z,github,GitHub,GitHub Copilot,Ars Technica,news_article,news.google.com,https://news.google.com/rss/articles/CBMitAFBVV95cUxNVm1kdW9PMFRRSVFhUHJjMUo1cTBYUU1INklWZFRXUzNpOEVVYk1mMW9wSmhxeHRFUzNvX3RKVDZNY0Vtd1NKNHRZZTNBNUJBVkR0MzFzZkdhb29xOGtJYkh2bDVReGI1TDZVUUFvR0JNTzRmNTVrTnFYZEpHcUoxUUJ6MmI3RW41TDVEaDFMTTE0MWVwbi1GWDZoSG5TbzBybEVpSGV4TnVNdGhhdVdycUFyWUY?oc=5,AI costs how much? GitHub Copilot users react to new usage-based pricing system.,AI costs how much? GitHub Copilot users react to new usage-based pricing system.  Ars Technica,2026-06-01,web,False,False,google_news_rss,55,neutral
b68d5d7106f85ccf,2026-06-05T17:10:49Z,github,GitHub,GitHub Copilot,The GitHub Blog,news_article,news.google.com,https://news.google.com/rss/articles/CBMirAFBVV95cUxPZEx5d09BV2dkS190M25vM1dDcTdDeUQzZUtoU082eXZ2SERjTHpjUHRPNTFLZ2d3bzFtSUNiMDloTEhsMF9raUtiUEZHSmFfLUxzTGVvWHJuV0xIaVlCN1phVHJDSGxPdnRWUWpKeW9VMVRsUjNsaGpDV3R0NUg5OThKMVNZQ05JemtIQ1ZhMG53Ym1jcEhFb1poWHE2NVhDdTZnbndRRXF4TDZj?oc=5,Cloud and local sandboxes for GitHub Copilot now in public preview,Cloud and local sandboxes for GitHub Copilot now in public preview  The GitHub Blog,2026-06-02,web,False,False,google_news_rss,55,neutral
c4231cd144a7289c,2026-06-05T17:10:49Z,github,GitHub,GitHub Copilot,The GitHub Blog,news_article,news.google.com,https://news.google.com/rss/articles/CBMirAFBVV95cUxQUWRiV2plTWZLaGtDNGNGeFdYMEZtc09Xck1rZlhGTmFQMWFQY19nSU9VMGhUZ1VDaWZ5VFRITXIyenJRcHlGMmREWWlWZl9ydXJ6emJScG1YTHlOaVNOZmdXLVBTOWpjMEgtV2ItNC1SLWptaDFVT0pJWEhNSTdTNTJxVGlScmdka1M1YTVPeTlXYW1lTktDU2ZiWWltckt2M2piRmt2VzRxaWRV?oc=5,Expanded technical preview availability for the GitHub Copilot app,Expanded technical preview availability for the GitHub Copilot app  The GitHub Blog,2026-06-02,web,False,False,google_news_rss,55,neutral
cb31e841f587ccd1,2026-06-05T17:10:52Z,github,GitHub,GitHub Copilot,The GitHub Blog,news_article,news.google.com,https://news.google.com/rss/articles/CBMiowFBVV95cUxNLWJkTFlZNWNvbmJfdC11YTFFakdkcC00V1ZBZkdMNldwWXgtVklScnBvNzg1Y1BYOVUxMGhJSXpfZ1JIT0ItX2dPVTU4YmJHNVhMMk05dzIwV196TDd0NGNyaFFHNElvOWFlb1llTkpWTzNBU0NoX1g0Mk1pQnUySDZRcjQyd3FSTk5JUG53UzRKZHR1MUtmcG11a0V6anlLcGV3?oc=5,"Fix with Copilot for failing Actions now in Pro, Pro+, and Max","Fix with Copilot for failing Actions now in Pro, Pro+, and Max  The GitHub Blog",2026-06-04,web,False,False,google_news_rss,55,neutral
093ca2986570058d,2026-06-05T17:10:52Z,github,GitHub,GitHub Copilot,GeekWire,news_article,news.google.com,https://news.google.com/rss/articles/CBMiswFBVV95cUxOZU9qZnpFc2xPZE1Ba0pQeWlHVHhSVXZZNXhXRk1fRW91dGxqWE8zZFpvYnJad245YkduQm5Ib3ctUVZNNzZKb25xcjlYTkt6WFlRNlozRkVaQlVJa0JNcTZ3ZVo5VXhGNlFObjVqZ1NJdEktcjc5YmpNVUFlM05teFVXeEJzUjU3aXZ4WkJrUWVvQklTWmk0WncxRm1GdUYxcW1IWTJzUDhORHpibGxRTE5lRQ?oc=5,"Mary Jo Foley: No Copilot ‘Super App’ at Microsoft Build, but plenty of agentic fodder","Mary Jo Foley: No Copilot ‘Super App’ at Microsoft Build, but plenty of agentic fodder  GeekWire",2026-06-02,web,False,False,google_news_rss,55,neutral
635d5684efa70c49,2026-06-05T17:10:52Z,github,GitHub,GitHub Copilot,Tom's Guide,news_article,news.google.com,https://news.google.com/rss/articles/CBMiZ0FVX3lxTE1Sd2NYRGVySE9DR1RJUGQ5c2hWT3BVVWVPWXpFNC1jbFVJNzFWMjhOWjl5VDdCYzBWVl9NeVlYM1J4Ymk5U1doYVhvd2NMbm91cGhCZkVlaGRKT1M1ZzNSUUVYN0VhSjA?oc=5,"Biggest Microsoft Build 2026 announcements — agentic AI, RTX Spark Dev Box, GitHub Copilot app, new MAI models, and more","Biggest Microsoft Build 2026 announcements — agentic AI, RTX Spark Dev Box, GitHub Copilot app, new MAI models, and more  Tom's Guide",2026-06-02,web,False,False,google_news_rss,55,neutral
736df6cf89bd4384,2026-06-05T17:10:52Z,github,GitHub,GitHub Copilot,AI News,news_article,news.google.com,https://news.google.com/rss/articles/CBMiswFBVV95cUxQVzUxREpvc1JBNlFxMFZpRFpjbVVJMWhFNFVrTWg2VUItY0lxdU8xX2lTeHBDWWhsb0FGNjBNMmh3TGVzeW4ySkUwNlZuYk1aMkQ3TDVKcVMzSk9fRDRzNDJ4LXp3UHF4RnZ1Vm5STFl4SndPd0hubE9YUkxCTVR3eFFtbVpUb1B5Nm5ESXd6ZW9kS1Y3ME5UTEtGaVkxcGFEb0g3dlpEbldoSGlLbWp0MVEzNA?oc=5,GitHub Copilot users see token-based price hikes,GitHub Copilot users see token-based price hikes  AI News,2026-06-02,web,False,False,google_news_rss,55,neutral
f351ba2278f1e23b,2026-06-05T17:10:52Z,github,GitHub,GitHub Copilot,Tom's Hardware,news_article,news.google.com,https://news.google.com/rss/articles/CBMirwJBVV95cUxNSWdIUV91dkFyZVZvRTM0UEVSZ2dNVldXN2J5a3RUazBoNFJwRVR0VEQzaW94cjFqRjMtajJ2Z1ZSVzhzMHpSV1FaVHlVcm9Ia2lxWFBoaDZYRHFPUzdzakd5NjFGQ2ctOHI1d2REbkNPdHJRS2tXSllJWEdiNHdaTjJUXzlEeVAtTjhadDFGOF9qSWhTN3RGcEh6SFp6WWs5Ylk0WU1yVUZkTzZBb2FoQ0hINnpVY1Z2Vm5NSDNTcTBCTXJIQkdKVnBJdGZFbDBJdmFRTVFUWkM4R2pWeXA5LWloeVFYcS00QlFYck5QdGZkajNiaVptUlVkbDhpNWRteldRd21RTFhXNnRJamFNNmVFd1NyTzZVU2UwNEFhWkZXNEFHLVN2MFpYSFpWam8?oc=5,Github Copilot customers report up to 100-fold price hikes — AI sticker shock bites as Microsoft switches to usage-based pricing,Github Copilot customers report up to 100-fold price hikes — AI sticker shock bites as Microsoft switches to usage-based pricing  Tom's Hardware,2026-06-03,web,False,False,google_news_rss,55,neutral
6b27ea1baca04a2a,2026-06-05T17:10:52Z,github,GitHub,GitHub Copilot,Space Daily,news_article,news.google.com,https://news.google.com/rss/articles/CBMixAJBVV95cUxNaVBhc2h2NXE0RTR0R09EaVN3cVdmdWVfLTViOFk2VGplOXh2cU1fNFpkUzMzbTZmOUtaTWRpRWN0REM3aDVVTHgtMlNkQVFTbWU1YzBhQUtLSUFoY29PVWJkUndMMkFkeGk3alh6aU96WWZ0Q1JqdS10U1dseU1LNUlqUFJUR0FRZkJrcUpMaE9GV2hYRGVxNUx3SUszRmVNMGFWZnc5UWFxSHlQa0d4dzV3aG8tektkYzRhaW0yc0UybE0xSGVxOFhNQi1ZUGh2T050TkJBVTdzQ2lwemtRc1NUejNoSklyUkdvVFpGRG1TX3B2aHRvQ3RjTS1IYldjanZyTHNqMHNyRHRwMzV0TU1RZ3F6S0dRamRZVmhWZmRmTlVrT0hTV0N2aDI5T1N3Q2s1aTEyWElEQV9xRXNBc2Z6ZTU?oc=5,"Microsoft is canceling Claude Code licenses across its Experiences + Devices division by June 30, steering thousands of engineers toward GitHub Copilot, while Uber burned through its entire 2026 AI tools budget on Claude Code and Cursor in just four mont","Microsoft is canceling Claude Code licenses across its Experiences + Devices division by June 30, steering thousands of engineers toward GitHub Copilot, while Uber burned through its entire 2026 AI tools budget on Claude Code and Cursor in just four mont  Space Daily",2026-06-02,web,False,False,google_news_rss,55,neutral
2df2f3f382b5cc44,2026-06-05T17:10:52Z,github,GitHub,GitHub Copilot,PCMag,news_article,news.google.com,https://news.google.com/rss/articles/CBMinwFBVV95cUxOTzg1LVEtRGt4d0R2ejVTT3NfLXRobUEzNUtCQ3NiVjV3Tm5ra3lOYjVsOGJpTWJIbXNGTmxqVXE0MmxGWW8xM3AtS092MjBSRV9Wc1ExSTd6bnZ2LWpUMGFwaTk4V3kySkw4aGNEWnpldnljYnlYSlRXNTU1YkhsdUpaYjNqbUF6UkdSM1ZmUVJpR25ncWtXZGZHSWg0dGs?oc=5,GitHub Copilot Costs Skyrocket As Users Are Pushed to Per-Token Billing,GitHub Copilot Costs Skyrocket As Users Are Pushed to Per-Token Billing  PCMag,2026-06-03,web,False,False,google_news_rss,55,neutral
8a287980bbfbb8c3,2026-06-05T17:10:52Z,github,GitHub,GitHub Copilot,DevOps.com,news_article,news.google.com,https://news.google.com/rss/articles/CBMiiAFBVV95cUxQc1htS2VrVWVrWTdmYnp2MFZDb2tmR2I5YTliclJpYW03NEdoNFlpaG54VzFMcHZCSk1kQy12aUtLTndSdnBnLW85dU5CMTRoU2tyOWJmQkZBQXhVOXdueG83cG1pZWVCcG9WTUZscXVFZ2FDbGJlWlMySDkySXNDVk1VMW1sYUc1?oc=5,GitHub Copilot Gets Its Own App — and Agents Are the Reason Why,GitHub Copilot Gets Its Own App — and Agents Are the Reason Why  DevOps.com,2026-06-03,web,False,False,google_news_rss,55,neutral
ea0d7ccbd273be2f,2026-06-05T17:10:52Z,github,GitHub,GitHub Copilot,The GitHub Blog,news_article,news.google.com,https://news.google.com/rss/articles/CBMilgFBVV95cUxQbzNjVU5fWGlqZmU2RzIzdmF2LW1BZ1VueXRMLS1KQmw4VnczV2lxU25sOFFpaVk3WWoyLVVoYWlUWW16Wk5Obk1ZOENUdzlXcW02MkNoTkd6QjZYRGpwem9fNUt2d04tUU14SFBhZHFNMFREQ2xoR3ZVR2pDZENpMzBQbGJKaTNma0hCRmNLaGxkMjBwRnc?oc=5,"GitHub Copilot in Visual Studio Code, May releases","GitHub Copilot in Visual Studio Code, May releases  The GitHub Blog",2026-06-03,web,False,False,google_news_rss,55,neutral
9058f22aeef0d333,2026-06-05T17:10:52Z,github,GitHub,GitHub Copilot,Microsoft,news_article,news.google.com,https://news.google.com/rss/articles/CBMihgFBVV95cUxNbldQMElLbkozZzBLb19mOWlTZE5PT3lHSHo4T2EzWTBQSmJSbnlKTnhRWEdILVFQcTZfM1BnTERzY2FXSWpSNkdVQzZ5b0VDTm15LVRuMW5FQkJKVnA1UEV0UHZTVGUyMXFaRUtDWGYxb1RBRmdneUJHdUNmMVVONTRnbmRWUQ?oc=5,Tecban increases up to 35% productivity with Microsoft 365 Copilot + GitHub Copilot,Tecban increases up to 35% productivity with Microsoft 365 Copilot + GitHub Copilot  Microsoft,2026-06-02,web,False,False,google_news_rss,55,neutral
c48f04f98a92d01c,2026-06-05T17:10:55Z,github,GitHub,GitHub Actions,eSecurity Planet,news_article,news.google.com,https://news.google.com/rss/articles/CBMiqAFBVV95cUxNV3Y2bXNhME01ZW41Ul80RTVUQUxTcjNZaldxcmxmTjhEMDl1UzlwU1ZlenBjUHdWSVlWZmVzdFVLNG8wVVVmT2xaU3AtTlppV29IQU5HVzVKOW94ZkpNTGE1Z1BwVk5vSmhCM1RwVVphYmhJVkI4M0tkdlowaEx3ckZyR1FZVTRsNW90Mk8tbldocTVDSVNqNEtWaWxCOWVaWWxyYVU5ZUw?oc=5,Claude Code GitHub Actions Flaw Created Supply Chain Attack Risk,Claude Code GitHub Actions Flaw Created Supply Chain Attack Risk  eSecurity Planet,2026-06-02,web,False,False,google_news_rss,55,neutral
a6ae1df985f108e5,2026-06-05T17:10:55Z,github,GitHub,GitHub Actions,gbhackers.com,news_article,news.google.com,https://news.google.com/rss/articles/CBMibkFVX3lxTE5xcldfQWQyTWt2amo2MFAwa3VBSzhkWGRrZHpwa1kwQU5ucWw3N0drWElmeUM0dEdJbGJ4dUY3QjRJUGtvM0htYVVDZ3lDMTJ1YnVlQjlBTHhBMldYWUpYNXVFZHE2VUFJQUxZY1JR?oc=5,38% of GitHub Actions Workflows Exposed to Script Injection Risks,38% of GitHub Actions Workflows Exposed to Script Injection Risks  gbhackers.com,2026-06-03,web,False,False,google_news_rss,55,neutral
138d8e450d69fc2b,2026-06-05T17:11:18Z,vercel,Vercel,Next.js,tech-insider.org,news_article,news.google.com,https://news.google.com/rss/articles/CBMiWkFVX3lxTE5fcy1lZVRYMXJzZjNSUzl4Y0dTenFZZ0gxa1AxXzVrUkhHTkNRWDVzME1GSVExcmZYMi1RaEN2Ry13cFFGR09XTU50dS1QaXdPODlYV1pzbWJ6dw?oc=5,Astro vs Next.js 2026: 9KB vs 463KB JS [Tested],Astro vs Next.js 2026: 9KB vs 463KB JS [Tested]  tech-insider.org,2026-06-04,web,False,False,google_news_rss,55,neutral
6782db9c50e6745c,2026-06-05T17:11:18Z,vercel,Vercel,Next.js,infoq.com,news_article,news.google.com,https://news.google.com/rss/articles/CBMiWkFVX3lxTFBnVHpVVHF1Y0Z2Tnp3cHhob2o1ampCcTM3N1hMVzlRU1gzZkFZM0hsUDFpZVFxdGR6MG91amYyTGZVYkt1c2xPQUtUcThsTnZ2UmF4XzJrcHQ4Zw?oc=5,"Next.js 16.2: 400% Faster Dev Startup, Faster Rendering, and Deeper Tooling for AI Agents","Next.js 16.2: 400% Faster Dev Startup, Faster Rendering, and Deeper Tooling for AI Agents  infoq.com",2026-06-04,web,False,False,google_news_rss,55,neutral
aaaf0857bdbd9ae2,2026-06-05T17:11:18Z,vercel,Vercel,Next.js,Mshale,news_article,news.google.com,https://news.google.com/rss/articles/CBMiYEFVX3lxTE5LanBDLVMtNm05YlB3MGpxNEhnQ2h2bF8xOFBiX3NlRjJuaTlzd2JHVXgydkc5cms4WTFhUDRjbGx5WWNKc3lDQy1kMkRRLW9NWU9tRlRIMjVtWmZzZzFEdQ?oc=5,Cloudflare Built Next.js Clone In One Week! Anna Pettinelli (XA4goxpQk9),Cloudflare Built Next.js Clone In One Week! Anna Pettinelli (XA4goxpQk9)  Mshale,2026-06-05,web,False,False,google_news_rss,55,neutral
509fdc6dfb3702bf,2026-06-05T17:11:18Z,vercel,Vercel,Next.js,tech-insider.org,news_article,news.google.com,https://news.google.com/rss/articles/CBMidEFVX3lxTE10ZkhsTXBJWGdxWi16UVRoNHVuS2wzWGtXQ2RHX2FETmdWN21KV2pBUDFhNW5kSVlwUzAwZ0lOSWRpSEhBRDY3ZFV0TWozNlNPc1ZnSU5OQlRYLVhycHpTbjI3MXViTE9kdU8wSGhSTGRqaFFR?oc=5,Next.js Tutorial: Build a Full-Stack App in 13 Steps [2026],Next.js Tutorial: Build a Full-Stack App in 13 Steps [2026]  tech-insider.org,2026-05-30,web,False,False,google_news_rss,55,neutral
e99b3b276a86c0ea,2026-06-05T17:10:22Z,openai,OpenAI,OpenAI (general),CNBC,news_article,news.google.com,https://news.google.com/rss/articles/CBMisAFBVV95cUxOMVNMNzh0R2dtOEhLRUEzd0xGUlhDTEFLbTlISWRCR2hSaUJldGNWTzRSdTFzOVlVeU52N3YzMHUyRXlvUkJPZERiOS1SR3N3cFRLd0x4QnZaQlhDdjBSczZtOUI4dXV4UTg2bWhHa3JqeC14R3gxQV9hMWtZUVhTVkljZDBscnRKVkxBWUV1NUpvVENUQ2RiMGo2X1JnSFlrREJaV1RVbnFvZlpFRUlkUA?oc=5,The fix for overspending on AI is a problem for OpenAI and Anthropic,The fix for overspending on AI is a problem for OpenAI and Anthropic  CNBC,2026-06-05,web,False,False,google_news_rss,50,negative
04ae42eac5c38a9b,2026-06-05T17:10:22Z,openai,OpenAI,OpenAI (general),Tom's Hardware,news_article,news.google.com,https://news.google.com/rss/articles/CBMiogJBVV95cUxNdUtFbWdkV0F5YzdmcG1YbmJ5MVVTS3lDTFhSeDJaMTFCY1BGZ2c0Q3E3cm14VUtjTDJfSnQtcnJOdmRDcVZ5bm8tcE1yU2xpQ2pCZW1oSXJIMHJka1Z4MDNHaDJ5U1Y2VGhmTlpRa29QUXRJY1drN2V0NnZTN0VUSkhvN1doWUxjRUE5cVJuQVE4MDJuTkpyZWN5MTFLMEljcDFDblczbEtqT215SXUwWHUwSXVSMUZ6ek5iT2tmSkZNX1FkRTQ4WGNnX2hrRXIwVERmUUlXLUZweS1MZE1RSUl5aWlvTHNROGV1cHFzSEYzeDBfMDI1WVBHRC1NUGdxWTl3cFdnZkFYOHZPZzd3c1dHNWxGeGdTUTV3eUpEaE1wQQ?oc=5,OpenAI CEO Sam Altman admits AI token costs are becoming 'a huge issue' — company seeks improved value as overspending becomes a meme,OpenAI CEO Sam Altman admits AI token costs are becoming 'a huge issue' — company seeks improved value as overspending becomes a meme  Tom's Hardware,2026-06-04,web,False,False,google_news_rss,50,negative
9915226a0a21e779,2026-06-05T17:10:28Z,openai,OpenAI,OpenAI API,Tom's Hardware,news_article,news.google.com,https://news.google.com/rss/articles/CBMi4gFBVV95cUxOZmhHTVpuYXZRWjV4Vk53dVFMMk8yNzUzZC1FQS0wMkkxVHEzbjB2Wi0zeUlOMGNRc3VoNDlJWFRYbTZFOXdyR2hUQ19KYWR5Ri1FS2lORHlYNVlyVkNGdnRKQk1kdl85a2p6NTFtTHgyaW5sOXh2TzYtS19xQ2p3NXZQOU5oNVBhcVU5Qmtkc2t6bENBMXFmMXVzTUNlNERVSS04OGpobUdjeG85VzF1N3lMMW1VdWV4Sm5ZaEZmY2llT1Zza1ZXWXF5dWsyTERNUWYxZWdTZWNIVno2S25CLUtR?oc=5,OpenClaw creator burned through $1.3 million in OpenAI API tokens in a single month — bill covered 603 billion tokens across 7.6 million requests and 100 coding agents,OpenClaw creator burned through $1.3 million in OpenAI API tokens in a single month — bill covered 603 billion tokens across 7.6 million requests and 100 coding agents  Tom's Hardware,2026-05-17,web,False,False,google_news_rss,50,neutral
f76c591491888dc3,2026-06-05T17:10:49Z,github,GitHub,GitHub (general),The Hacker News,news_article,news.google.com,https://news.google.com/rss/articles/CBMigwFBVV95cUxPYnZxN1VTeWJSMVFSS19tazFLdm9vSFh1ZHVXcUxOQjNjX0FpVU4xYldUZ0pJbGRXem5pZEhjVkg5N0ZuR096ZjZ4T0Z1bDFUemI3aVFrRVNZZmJXOVpRZDlHbExMdXZvNHRsanZ5U1JYeHJ0ZUpsNkNZUF83WUF3VC1XSQ?oc=5,Claude Code GitHub Action Flaw Let One Malicious Issue Hijack Repositories,Claude Code GitHub Action Flaw Let One Malicious Issue Hijack Repositories  The Hacker News,2026-06-04,web,False,False,google_news_rss,50,negative
bea81e5f67df3b69,2026-06-05T17:10:55Z,github,GitHub,GitHub Actions,StepSecurity,news_article,news.google.com,https://news.google.com/rss/articles/CBMitgFBVV95cUxNZzRvbVY3Z0tTV1MweHMzYWhzNWpUM3ZHZUI5VlIxOUhnTEdybXI1eC1nX1lrSWxYT2dVOWNJbTRVVmRyaUxFMkxJYVhpQzNwcjhTUXJoS09kejM5WlhkRzJoOE5DWUMtNDZwTGJFRjBMUGZubGJWZ3AzbDhWWmYyeGhYNjlYNm1BYmpmbGhOdVNsZmFwakRFVjlfX0FHbW13dUJDQXl0dlNXdWdLRlNXVnFleTRXZw?oc=5,"Megalodon: Mass GitHub Actions Secret Exfiltration Across 5,500+ Public Repositories","Megalodon: Mass GitHub Actions Secret Exfiltration Across 5,500+ Public Repositories  StepSecurity",2026-05-22,web,False,False,google_news_rss,50,neutral
9b26feeedea4790b,2026-06-05T17:10:55Z,github,GitHub,GitHub Actions,The Register,news_article,news.google.com,https://news.google.com/rss/articles/CBMisAFBVV95cUxOSTUxMlhoQ2k4OUJhLTJxamQwTEhmX2Q1SnJOLVNkMWttRVByOGJDTkZzdzNhS2g5anlQQlpST2pzTTVJYjMyQ1Q4b1N6dWlzNzBqUVVDMGwwR0NVQnBucmhxNGQ2bHBCV2VsSUNCTDViWFhGNk9IQmFfZVlHWWRfMFdmSm13QmV0ZzluNzNtWnRDa3Utb280Y2Zva28xN09mN21NV0NMWlRuZ3ZkMHBqSg?oc=5,GitHub Actions outage told devs 'your account is suspended',GitHub Actions outage told devs 'your account is suspended'  The Register,2026-05-27,web,False,False,google_news_rss,50,neutral
fcef90c65d049525,2026-06-05T17:10:55Z,github,GitHub,GitHub Actions,Aikido Security,news_article,news.google.com,https://news.google.com/rss/articles/CBMiYkFVX3lxTE1tM3NTbl9mQ1dIOE1lX0tfSEZ0QnduVjlKNlo1azlOQ2lpTTQzSmJpVDVlLVh6WElQaGttZkRvNGhhajd0MWN3dnpNZzRVR1lmc0ZjR2l4cHdEcjhaQ1ZicG9R?oc=5,The complete GitHub Actions security checklist,The complete GitHub Actions security checklist  Aikido Security,2026-05-11,web,False,False,google_news_rss,50,neutral
fb0beceac8d568df,2026-06-05T17:10:55Z,github,GitHub,GitHub Actions,csoonline.com,news_article,news.google.com,https://news.google.com/rss/articles/CBMiygFBVV95cUxPajR1bGZEamNIY3lIQU9JTXc0OVFDSDF3X3R1STM0dGw0NEVTcVZIVThNbzZXQVV0Z3NHUEhVSVk1ODRWUWpPT2xHLUZUekNjQTRyMEo4eFMyUFllZTY2TWNTVm9aNFVQTDFINHVkLXJKYklScnRXZWhDZFRNRjBYZktmNnp0NnJwMVdXN2hoR3JqRFFhY29xNDdheEpZUFNQdTZwNTQ1aTAxRnBsU2VpbGtkcENmOFE1NnVGUlFlcGRkRWR2MFg1MkdR?oc=5,"GitHub Actions abused by Megalodon attack to slip malicious commits into 5,500 repos","GitHub Actions abused by Megalodon attack to slip malicious commits into 5,500 repos  csoonline.com",2026-05-26,web,False,False,google_news_rss,50,neutral
24ea0bc388fc6d49,2026-06-05T17:10:55Z,github,GitHub,GitHub Actions,infoq.com,news_article,news.google.com,https://news.google.com/rss/articles/CBMiZEFVX3lxTE1vYTFwNmFZYThjSHQ2NjFLWWZveTlwWUVlNnczZUp4RHgxa2tLVHRSODMwcWlLdG14MGRWeGF0eFI5R3BhbDNpWmpQU1hGWnM3TDgyM3dRQXl4a0VVc2swT2VSeno?oc=5,Pullfrog AI: Open-Source CodeRabbit Alternative Powered by GitHub Actions,Pullfrog AI: Open-Source CodeRabbit Alternative Powered by GitHub Actions  infoq.com,2026-05-27,web,False,False,google_news_rss,50,neutral
94eb8af5af264ba4,2026-06-05T17:11:18Z,vercel,Vercel,Next.js,Security Boulevard,news_article,news.google.com,https://news.google.com/rss/articles/CBMiqwFBVV95cUxNZW9ROG1aUDJOLVh4ZVUwNC10TzdzbUMzR2dVWVdqYWEya2VOOWI3cDZXaEF0YVA1LTN2bXV2VC1UUTF5NWZfdzM5MWcyZU9hRDBvcW9aTFcyTUVRN2VoNHJ6aHJ5dTRORzh1Q2MtSGZfamg4ZUJjeXkxZGhJSFFONVdfS1pFTVc2Sk1WUHhoTEt6QnBHYV81eDhXdWFmbjJCTE15V1RXbXhIVEk?oc=5,CVE-2026-44575: Middleware Authorization Bypass in Next.js App Router,CVE-2026-44575: Middleware Authorization Bypass in Next.js App Router  Security Boulevard,2026-05-21,web,False,False,google_news_rss,50,neutral
fffe8482c0e6383e,2026-06-05T17:10:22Z,openai,OpenAI,OpenAI (general),CNBC,news_article,news.google.com,https://news.google.com/rss/articles/CBMilgFBVV95cUxQRS1vSzV1aDZrVkx0STlwUTA3VWsyajBMeDY1WE1rZGlLbmRoTjMtdWg4Q043amdOUTBUb0tQSS1KWUVmYzJEZ1I3U3ZrZWt1US01UHRyampyRll1TnNiRTlWc3dqNU8wRzZVV3pOYmZIdlhPRkpFT2RNX0hDTjRFaWRfZzNOM2RWV0FqUm1NOV8yT1hrM3fSAZsBQVVfeXFMT2JQTVkyalg2YnUtMHFUb3BtdjBsSE9NLU14YjJHVkU3a1hnMUw0YmtyNHFvNXIyd3hiMmFwNFl6NjYwbDlCTGI0UFhwWTNYYkNYbFFraEtrTklydnFBbHhFNzhfVXJHaUtjLWFva1E5UWxlTFFIemdxZmtmSmRZQzFCaDNVczJHcUtTZUdxZHoxZWhOcmdvalU5Tnc?oc=5,AI is designing OpenAI's next model in a sign of 'superintelligence': SoftBank's Masayoshi Son to CNBC,AI is designing OpenAI's next model in a sign of 'superintelligence': SoftBank's Masayoshi Son to CNBC  CNBC,2026-06-05,web,False,False,google_news_rss,45,neutral
64f50db8810bb7b0,2026-06-05T17:10:22Z,openai,OpenAI,OpenAI (general),CNBC,news_article,news.google.com,https://news.google.com/rss/articles/CBMigwFBVV95cUxOTDd2S3hKZ1NLc2tHb2NCTHBreDBBN1Buc09VblhyaXBpRE9TQzlsV3YzZnJGVUhOcW55TkRJaHBHcjYtU3BOQUtTT3p5Q1dQY0F3dF9ZdjdWWjJSSWhDVE5JU3VWdXhCMk5nalQ1VXYwbU0zUHp6UE1hR1IwRzNwdTg1WdIBiAFBVV95cUxQRTY5SFpwNWItT2duZzJ2empTaWF2d1UySkNqN3Jsa1QzTS1SNUpXcjY3VHA5cnNQcDBTbmM2ZVdSenp1TjVHTlBhYmQ1MWJjWGRXU2w4LUowa1dLRzd6Z2VJazQxdW9VajJVcDBTTUV1VzBpSDJsOXNFN0JncFo2R1BnNFMyT1Jk?oc=5,SoftBank’s OpenAI bet and rising debt are raising liquidity crunch concerns,SoftBank’s OpenAI bet and rising debt are raising liquidity crunch concerns  CNBC,2026-06-04,web,False,False,google_news_rss,45,neutral
9b0d4589b46463da,2026-06-05T17:10:22Z,openai,OpenAI,OpenAI (general),qz.com,news_article,news.google.com,https://news.google.com/rss/articles/CBMihAFBVV95cUxPZi16S2JPQWVFYk42Yko5b3M3aS1BNUN1YjFrLXN2c2stSmp3OWdEYzh6dnFjd0piTmNCbmQ1SWhjZGYyZFdISWhxaWhEWEJWYmN5R3dCTmRoT3ZKZk0ySVc5cnU2RlpJN3RVWkFNUmdMU21WU0kyR0hkbHhtazRXcGJ6Z1g?oc=5,SoftBank's Masayoshi Son says AI is already designing OpenAI's next model,SoftBank's Masayoshi Son says AI is already designing OpenAI's next model  qz.com,2026-06-05,web,False,False,google_news_rss,45,neutral
13ed713e4d3f82bf,2026-06-05T17:10:22Z,openai,OpenAI,OpenAI (general),The Times of India,news_article,news.google.com,https://news.google.com/rss/articles/CBMi6wJBVV95cUxQS3pVUGpTSFp0bGw3N0dPbHJQNGp5Rm1zRG1PdVhkdGJRbGRmLU5iLXRxX0RiWVMzSHROb3h4UWdpMm9BX3hoTmFlQlZndEV3MUJvbENJcG44N3dEZFllbW1zZnpwZzNSWElkQ2RrWlRhZ1ltbW1UeXRlRUp3SU5RNEQ2V0tLVy15SmZDWGpwaEhrdFJkbDA0UjU4QTNvOXM4OGxhWEhPNmFYaF9mN0g2Ukc0WHMxU29RWEZ0VjdfMFk5WEg2WExVU2tPaXFlbVFDc0dNY0MzNDZIWmNEX2drMVFyZ01CbFlwdjhHMEwzUEVPU1pKRF93Y05aajVsNElyLW9lZU9MSjZNUFI3eXFlLWhESzNlcmhVeXFqUV9GbndhRnFxUlRReHhGYWMtYW05cncyc1FtRndPTVNIanJ0TXBfdXFUOW1QTGxJb3JVblUzM1NLNXAtcl91aC1RSzQwLVo0VVNwY0pTM1XSAfACQVVfeXFMTUN3V0tXaDI2LUN5Ny10WUZWX2tZbXo1Q0k1Ty0xejZJTjFhQXVfYVd3NG1ZVmNjcWxablpyRmYzQXpFVm9FTHUxN3RzV1BvbGFtSFNKRmd6R2N3UkRBeC1OaUstUTNvSUF1cXBhR0R6QkdiSVQwTTJZNnZXVkNzSlZJUFVLZ3pDa09Bd0Q5ZXZTc21kZi03ZTVXeGpVNWN0bU1Wc3g4Z25Bc3U5UjZtVTVZMjNKZTg0VVdjblJpaUJoZ3RsQXNEaU5mTGYxcW51ZU5ySmh4SWNLQlB6Y1RSV2g2YVBxVkJuUWFRcEVCbVJocENFd1VkcTdnRUdYbjNZMFhsdERreGJVakQwQnRXVEVqTi1OX1RVd2NfSjRUaDBSd241X2hMTUxMcGxOa2N2QXl5V09UUWJvUFJwWENqSGVPWHJDN1oyWnRmVThCWW00Y09yQmdfZ01jb0YyamJCWWwzbDlrbk9mR0NQWWFTdjk?oc=5,"Meta's highest-paid employee Alexandr Wang sends 'health message' to Anthropic, OpenAI, Google and others","Meta's highest-paid employee Alexandr Wang sends 'health message' to Anthropic, OpenAI, Google and others  The Times of India",2026-06-05,web,False,False,google_news_rss,45,neutral
c2a42b4e40bfb172,2026-06-05T17:10:22Z,openai,OpenAI,OpenAI (general),Yahoo Finance,news_article,news.google.com,https://news.google.com/rss/articles/CBMirAFBVV95cUxQeVJSZGxBMEF4T2psaU9HbGFteDBMTkNGSWF6cTRGdXl6d3JYNHd5X3pXNDk5cXlITkIyNk0zdHI2bzVGaUdxRGJleXFCQjljaktjMFRGYlY2enpPeERRdHNvc1pTX0pjU2VKaEdsUEdLekdUVlZBZEF2QlhXQU9CVy16aWRTUXlYb0dWZ1lXUmxSLVZaTDVTa1JCcjVYT3dyVk9IV1FfN2loeVRX?oc=5,Cerebras Systems Partnerships With Amazon And OpenAI Put Valuation In Focus,Cerebras Systems Partnerships With Amazon And OpenAI Put Valuation In Focus  Yahoo Finance,2026-06-05,web,False,False,google_news_rss,45,neutral
feb1de99a2bffe29,2026-06-05T17:10:22Z,openai,OpenAI,OpenAI (general),WIRED,news_article,news.google.com,https://news.google.com/rss/articles/CBMipwFBVV95cUxNWFFXRXJ3cEpZSmpnUnhlOEgyVDhVY0lWM3A5S3RNc0xTTDdmRWFyOVJBeHlOYTV0ckFZYklLdHI2MlhpZFI4bFNSQTFFdnRWRVUtVnc3Rko0SkRmUjhoenVWc3ctT0c2T1NZbnZqbjJTX2U0QkNIT2UtdFR3QVI4UUxwdjRvcFN0a0tVTEE4UGdTWTFCTEFSdFlORGpudkNyd2xlLU9RZw?oc=5,"OpenAI and Anthropic May Be Rivals, but Investors Aren’t Picking Sides","OpenAI and Anthropic May Be Rivals, but Investors Aren’t Picking Sides  WIRED",2026-06-05,web,False,False,google_news_rss,45,neutral
b4a702ce4d25b273,2026-06-05T17:10:22Z,openai,OpenAI,OpenAI (general),Forbes,news_article,news.google.com,https://news.google.com/rss/articles/CBMiugFBVV95cUxQa0VfTUI4bUZvd3pYM1JJcVdjWk53eW83enVmclNOYXpINGxPYlhkTUNYbjlNWFR6LWsxeHhxbjRRM19IcDY4UnF5bHMyMVFWTVdQeDVBWDlGVzkxRlhLT2l6MThDLTNOSWMyVU0wZ3FxR3lwVGV0Rkp2ZVdiRjBXR2xVd3JhemJ6MHBmYXZHdU9Lcm4tZFhhRWRoYnBoa2t0UmY1S0REcnF1T0oxdWJoa2xmNnJQbE52Z1E?oc=5,Claude Becomes The Enterprise Favorite As Anthropic Passes OpenAI,Claude Becomes The Enterprise Favorite As Anthropic Passes OpenAI  Forbes,2026-06-05,web,False,False,google_news_rss,45,neutral
9c6af32993061cbb,2026-06-05T17:10:22Z,openai,OpenAI,OpenAI (general),CNBC,news_article,news.google.com,https://news.google.com/rss/articles/CBMie0FVX3lxTE4yUjF5VUpfMHBpcmtsU29sWWVNT3JCbkdzdTl0OW1hUmEzelBDUXpGWVdUWVh1ZG9uR2xuLU55TlFnQzgwdkVGenFPcHpJRXY4Y2tIVkh2STFFNUpQcjNseVVYNjE2dDVfTFBXTTdsWDF4RkVpTXJjdmhmUdIBgAFBVV95cUxQTVhpZVBBTWhDcHc5TThGak5LSEtRSDhUM2U0NjBVWlBJS3RwWkx2S1REWHNHU2h2cFRYLUE0YWJpY0dpUFpUaUNnYzE1M2ZoQVp0al9rWDZvZk9aemo3ZlZ1dTNKeDVNdVU0TExYQ2tGOGg4WU1oT0tXQ3p1TzVKTQ?oc=5,OpenAI says it will comply with Trump's order requiring AI model reviews before release,OpenAI says it will comply with Trump's order requiring AI model reviews before release  CNBC,2026-06-05,web,False,False,google_news_rss,45,neutral
49282001f275401f,2026-06-05T17:10:22Z,openai,OpenAI,OpenAI (general),Yahoo,news_article,news.google.com,https://news.google.com/rss/articles/CBMilgFBVV95cUxOaDVJbFVXOWJYYVNpUjRZMWlNWllKa1NBa0tPVlZwZmx4eHVTNVkwRFhWUjBISVNVdnRibHAyb3dpdGR5cmg5QVlUOVUxMVNPWmpFanBDejc3S2dtUW9kLVJhRml3eWVSZkhVZTVNbVhuNDB5UXdEN3NhTVlMQ19LN0gyWkdjWGNRUGQyRU5aMHNWR0JhZlE?oc=5,OpenAI Will Let The US Government Review Its AI Models Before Release,OpenAI Will Let The US Government Review Its AI Models Before Release  Yahoo,2026-06-05,web,False,False,google_news_rss,45,neutral
0f01be6bb129e6b8,2026-06-05T17:10:22Z,openai,OpenAI,OpenAI (general),PYMNTS.com,news_article,news.google.com,https://news.google.com/rss/articles/CBMiwgFBVV95cUxNLUFlUS1USE1SN0k1dnBDMzBYS1VKT0VlT29BUjRMdGVWM3B3TTU3LWM5Ukx3amQyRGJBUjZEZ2VhT3FZYlBjczZXUUNMeXJYY1ZmLVZNNjd1QjJMZXpkdXRyOHJkMUt2OUlOMTkwdHRlTEpwTndUWlRZSzd5LWxhUG9ueXQwVC1jQ0d6b2FzSG11MC1qMEJ6anZabktEQXNCdkRfUTJ5djJzbjgtd1NQYldsZXlWZG80VEZmbDY5ZDc0dw?oc=5,OpenAI to Allow US Government Early Access to Frontier Models,OpenAI to Allow US Government Early Access to Frontier Models  PYMNTS.com,2026-06-05,web,False,False,google_news_rss,45,neutral
09e76ce1e55b1a31,2026-06-05T17:10:22Z,openai,OpenAI,OpenAI (general),Yahoo Finance,news_article,news.google.com,https://news.google.com/rss/articles/CBMisgFBVV95cUxOVXhfV25Tdk1IZnNVX3gxYmZiMzFpN0ttdHcxY3NJNDN3ck9GV2dLb29GeDNCX0RCY2c0cG5uLUY2Z0E3ME5MX0Z0a2RNMU9MbFA3c1VaOFY1bTh3eWUydk40bmkxR3oyQ0hnOWZ1akdHa0lQVlBpa1Zfb1RpVExHTWF1aXZFckQzLTBCVzVHb2E2ODZjT1pxU1o2ZFdKMk1ZeDRVejdpZ3hTTnFKaE50SGh3?oc=5,Microsoft and OpenAI's relationship continues to crumble,Microsoft and OpenAI's relationship continues to crumble  Yahoo Finance,2026-06-05,web,False,False,google_news_rss,45,neutral
ace1cd6b315fec5a,2026-06-05T17:10:22Z,openai,OpenAI,OpenAI (general),Fortune,news_article,news.google.com,https://news.google.com/rss/articles/CBMimAFBVV95cUxQNDdLYTJTa05SMzlRTFlZR0hJdldabVl0Wm5teU0yd3ZGWTRJVVlWQm1SUm1yWjVsQVhnSFFTUENMZUU4YlZOeXlGV19weUdRdkprdkdpZnJzRnZaQVJQNmtCaXFsNl9hNkVlaUx6NHNQVEhQX01jWHY3b3dVZjlFcXhjeXR0MmlESS1NcU5rZTlqM1JYVDFPYw?oc=5,"AI CEOs from OpenAI, Anthropic, and Microsoft set aside their rivalry to warn Congress AI is making it too easy to design and create bioweapons","AI CEOs from OpenAI, Anthropic, and Microsoft set aside their rivalry to warn Congress AI is making it too easy to design and create bioweapons  Fortune",2026-06-05,web,False,False,google_news_rss,45,neutral
0ae86db862967bee,2026-06-05T17:10:22Z,openai,OpenAI,OpenAI (general),Forbes,news_article,news.google.com,https://news.google.com/rss/articles/CBMisgFBVV95cUxORnR6RElPVkpYVTF4dlFqZTlhdktGTFdmaUdKLXo4RHJsZ1ZFQjRhSW82NUo3YnJKbkduUFFzR3F4all1UFZiUHhQR2pzaXVrcEVwQXpkRmhVeVJKNjhUSGtDeFhWUFV0SVRmN3pJN1ZsQU9uSmVHNk5lSXJxUGhJeU00bURIQms0ZGV2NjVCeUg2bWk5a0dwLWhmVmluNHljeXh3bUFBY0FlMkxPMUF1MXBR?oc=5,"How Anthropic, OpenAI And Nvidia Are Defining The AI Economy","How Anthropic, OpenAI And Nvidia Are Defining The AI Economy  Forbes",2026-06-05,web,False,False,google_news_rss,45,neutral
09a520085c655fa8,2026-06-05T17:10:22Z,openai,OpenAI,OpenAI (general),Bloomberg.com,news_article,news.google.com,https://news.google.com/rss/articles/CBMisAFBVV95cUxPT09Ub2pJX1Zial8zaWJrYUpPQUJqbEw0RTNuSkJwZHZwZmUwQ0lUU2pQQ1IxRUI4bDI4TnFzUXBlWDR6ekM5cVREeVhNOEEtTzUzQXUyazU5ZXBIQmF3ZjNfcm5VX2xFSGRVSlhJR3ltQzJDakJERFh6bW5ISDhqUUFudEF3dnNvZ0lvRkVsVTA0Tl9RX1JrMS01YVBVWU5RUnJKTFdlZHlIVy03OVRFaA?oc=5,"OpenAI Would’ve ‘Imploded’ If Altman Didn’t Return, Ex-CTO Says","OpenAI Would’ve ‘Imploded’ If Altman Didn’t Return, Ex-CTO Says  Bloomberg.com",2026-06-05,web,False,False,google_news_rss,45,neutral
48c65a5299b59073,2026-06-05T17:10:22Z,openai,OpenAI,OpenAI (general),Business Insider,news_article,news.google.com,https://news.google.com/rss/articles/CBMikwFBVV95cUxOMnpxdjNKRVV1QWtXZG11WHBKcnktRF9peDJRdXE1NzQxd3FtSUlnRnI1THJFWDJDMkttZWRONGg1N1I3dHRBdURobzBBZFlLQ3hNTzhNaTRSaDI1T2lxSHBIQnJpV3pGQnFkSFl0cGVhWEtqQXk2UXlnZ3hUdzF0VXlOTHpUZlpOaWJ4eEgxZHpmY00?oc=5,Sam Altman says OpenAI's top token spender uses 100 billion tokens a month — and they're not even the world leader,Sam Altman says OpenAI's top token spender uses 100 billion tokens a month — and they're not even the world leader  Business Insider,2026-06-03,web,False,False,google_news_rss,45,neutral
cdb0a05fdf6aca3b,2026-06-05T17:10:22Z,openai,OpenAI,OpenAI (general),SFGATE,news_article,news.google.com,https://news.google.com/rss/articles/CBMiggFBVV95cUxNWUo2a3pURGItallLb0FXbnJ1RW5Kd1Juc0hJUE1OVGNyZjhtVHpvRC1vRmQ5Nmg1OFMwMGJ1aV9Jc0UxR0cyR08wU2ZYdzVkaDRwQnBRSVo1NkIydDZOSWRvdFYwTGdrOUg5cFVnbWNZZ0NvMHNtUjBoR1hzcU1ZVFJ3?oc=5,OpenAI's blockbuster stock is upending Bay Area real estate,OpenAI's blockbuster stock is upending Bay Area real estate  SFGATE,2026-06-04,web,False,False,google_news_rss,45,neutral
3fd05ada818b971d,2026-06-05T17:10:22Z,openai,OpenAI,OpenAI (general),Marginal REVOLUTION,news_article,news.google.com,https://news.google.com/rss/articles/CBMimAFBVV95cUxNVUFVSFBLdjNZSUhTbEU4NWlYY3RMU3dyS1Z4QW9VbXBFT09YT0FHelVLT1V3VS11TlZzMFlRMDVENVIzOVdhd0s4VVowcl94YlhqRkZaZlNNR0s4YXZrc0JsbEUwSFk3aTF4NUxOSjNHZFJQRkdSa1plZHlZRGMwaWtOZ0JRWDZvWFNyZXV6YU1GVE16R3JJbg?oc=5,Tyler and Alex Speak to OpenAI,Tyler and Alex Speak to OpenAI  Marginal REVOLUTION,2026-06-05,web,False,False,google_news_rss,45,neutral
a0edb7dcb7d05efd,2026-06-05T17:10:28Z,openai,OpenAI,OpenAI API,OpenAI,news_article,news.google.com,https://news.google.com/rss/articles/CBMie0FVX3lxTE84RS1QX21mYm9qa0plY1BHV0xGZktSa2RBWjhtdHpuMHE5eTE1WWJmcmo4SDB3RGZEaWd4WElTNkVhSDlRM0dyWjVISU45eDIzUmVuMWZUSERmbVJTbWdSSzh1cVE3OGcya1ZjeU9pMjFQbHRhOG9HTEdobw?oc=5,Speeding up agentic workflows with WebSockets in the Responses API,Speeding up agentic workflows with WebSockets in the Responses API  OpenAI,2026-04-22,web,False,False,google_news_rss,45,neutral
8b22172b0e48d612,2026-06-05T17:10:28Z,openai,OpenAI,OpenAI API,Towards Data Science,news_article,news.google.com,https://news.google.com/rss/articles/CBMilwFBVV95cUxPWENDZ1k5U1lTeEl0WE1qUi1vUTFMSFFNcjcwRVNrR2N6VFhWSkJWWlpvM2Exa1VwNHFXUllZQjNqbkUwd0hGcnNKOWkwT2pMd3FCZFpienA0UFZtdGNzWXB2bEg1VkptRDR5X2U0MGd6dHFSOHVTLVB5ZVRNbVpLYloteVhsU005M3duWEZtNERFSXlfTnZB?oc=5,Prompt Caching with the OpenAI API: A Full Hands-On Python tutorial,Prompt Caching with the OpenAI API: A Full Hands-On Python tutorial  Towards Data Science,2026-03-22,web,False,False,google_news_rss,45,neutral
b116cd8beeaf0bd5,2026-06-05T17:10:49Z,github,GitHub,GitHub (general),The GitHub Blog,news_article,news.google.com,https://news.google.com/rss/articles/CBMiqwFBVV95cUxOQlQ3Tk1RYWJVWkItcXVzNzVUd01hNjZwTWw1SDlCUE94WkY3bS1kZ3F5U1JIaTdSWi1uVFl5LTZSWmdvTWMzUngyc1k0dzc2NTI2VjRpMENEYTd3OG4xcV9Tc2c3WGJHdDdTNWlqb0lpN2p1MmlxbmJBNTdTd2drMGo4bllYWVJOWmVfTE5JVE9rWThnaEhTTU9XVkUxMkZUQ1M0TERGdFBzSEU?oc=5,"GitHub Universe is back: All together now, in the agentic era","GitHub Universe is back: All together now, in the agentic era  The GitHub Blog",2026-06-04,web,False,False,google_news_rss,45,neutral
4a1e724b42020865,2026-06-05T17:10:49Z,github,GitHub,GitHub (general),SecurityWeek,news_article,news.google.com,https://news.google.com/rss/articles/CBMikAFBVV95cUxNWTZLMTRSa1puM0Y0Sm1TMDJCWlVBelRzTThldkdzTy1CYUFfMEpRd2R1cjg2d1pFTV80ODhmSGp1RWNuLVdyeXJjWENKeEFOa3BxMGRqSEw0SE9IVmVZZ0tzbm9OYXRHYXhhOFhhaU53alduNmw1c2VQV1RtQXM1NG00WHJJemdLQjFiYzFSWHrSAZYBQVVfeXFMT3NLNDBOZUlqOXlmWlQwM3MzSFUtYUp4TmtKRERjRWRsLWFfWVpzRWhqWEFsOXpkSHlFMTZxUEZuU3lVdDVvVWxtR0tzSTF5elFkaDhuMkhIdWl6YVYzaEJ2T1k0WER3bUxLdTZhT2ZGaEdUUXV5d1F2ZGgtYWZ2OTgyQUJMaUJjbDZOWld2ZTREbkNydjJB?oc=5,VS Code Vulnerability Allows One-Click GitHub Token Theft,VS Code Vulnerability Allows One-Click GitHub Token Theft  SecurityWeek,2026-06-04,web,False,False,google_news_rss,45,neutral
d9bc6b7297deb668,2026-06-05T17:10:49Z,github,GitHub,GitHub (general),The New Stack,news_article,news.google.com,https://news.google.com/rss/articles/CBMiYkFVX3lxTE1oclVOSzVHM3ZVeV9EWnp3b3hsMXVKVDVyMWhES01wNWZydmJYOUlxOVA5Vzh2elJydWJYbEVFZFROYVVud3lxa3hkX2NPM2ZXQXl1a3RmVWM2YzZUOFRacDFR?oc=5,How GitHub plans to win developers back,How GitHub plans to win developers back  The New Stack,2026-06-02,web,False,False,google_news_rss,45,neutral
f6d647e6a58e51f3,2026-06-05T17:10:49Z,github,GitHub,GitHub (general),The Register,news_article,news.google.com,https://news.google.com/rss/articles/CBMi5AFBVV95cUxPdldTZlk2dFZpYjdDY1laYlZsYm1TcmVCTWRyQXh3dWIzZzg5bnpZdHVSejRIWENzeG41enNlalhKS3JmZ1E2Z2NDTmFKRVhvV2x5dDY1SUZGZUJUdlVwUmNxS0dKYllDbm1xM3hnSHlnVG5Bd0VxckVTSEVQbndESW1EZklldDV3ZlMxREdfemlVM01OVy11S0hYVTV2MW9fR0ROZ3pXSUVwSllSd00wOVRzS0Ntc1hERlJpZTFHWmx6bWNZYlQza0JMRlVwMkMtYnhnakVWdXdneFNEV1J0TWdQcHY?oc=5,"Microsoft Build: Surface RTX Spark Dev Box, Coreutils for Windows, air-gapped GitHub and more","Microsoft Build: Surface RTX Spark Dev Box, Coreutils for Windows, air-gapped GitHub and more  The Register",2026-06-03,web,False,False,google_news_rss,45,neutral
550d62598a74ade9,2026-06-05T17:10:49Z,github,GitHub,GitHub (general),thestreet.com,news_article,news.google.com,https://news.google.com/rss/articles/CBMilgFBVV95cUxNTnVKMVVPMXJjUGpWX0RBNlNVWkZWc0JhdlpWMUNjbTFrczBNLVVweURkb0VqdHNWSUhDVEhTZWI0T0pELXlIYzJMaDVldTZOeFphVmFxZURJWDEzckV2LTh3Tm1vejhfTUw0aG1aXzMwbFVoaURrX1gzNFdqNkNLSURRX09vZG9lcElKMW1HeFFfU0o1Wnc?oc=5,"GitHub rival shuts offices, cuts 100s of workers","GitHub rival shuts offices, cuts 100s of workers  thestreet.com",2026-06-05,web,False,False,google_news_rss,45,neutral
1597a2dc5281e5f1,2026-06-05T17:10:49Z,github,GitHub,GitHub (general),KDnuggets,news_article,news.google.com,https://news.google.com/rss/articles/CBMijwFBVV95cUxQaS1SUlFrNHBHNVVFRWV1YUZmbWdoMFlLZ2dGM1JmUHdsUE90UlhUSkFXTWl6azVLekN6UlRGTEpWR2VMb0VoUFFrVmN5cUU5SHBXekdLeVdoUElNcUllR0tHYWROei1NT2ZEbGFXaTlDR01MWk9pYjgzVF9kVnc0R040djdrVjZIcFhLOVpqZw?oc=5,10 GitHub Repositories for Modern Database Systems and Tools,10 GitHub Repositories for Modern Database Systems and Tools  KDnuggets,2026-06-02,web,False,False,google_news_rss,45,neutral
2b6576ee7bb2d69c,2026-06-05T17:10:49Z,github,GitHub,GitHub (general),TechRepublic,news_article,news.google.com,https://news.google.com/rss/articles/CBMimgFBVV95cUxOSXRfYkZ5eWpocXBuZHlIaFZhZFRyU191R2c3ZXV4VGNqNGg2V21UNC12Y1hqZFliMUxjNFJ1LVpFcnRieTdTZGU1bzV0cEJuam1FYm5XeDJaMVRiMmhsOXhMejhrU0tzSnlqcFZmNGRJbFdlY0t4ZUNNNXpqQnQyc3QwQVBGcmo5dWpkVGdlc3FKUU1wYmE0NEN3?oc=5,New GitHub Zero-Day Exposed Developer Tokens to Attackers,New GitHub Zero-Day Exposed Developer Tokens to Attackers  TechRepublic,2026-06-04,web,False,False,google_news_rss,45,neutral
5a8ea4c1a30e2464,2026-06-05T17:10:49Z,github,GitHub,GitHub (general),Microsoft,news_article,news.google.com,https://news.google.com/rss/articles/CBMivAFBVV95cUxNREJ4Wm45a0lId2d5MUxEOHdRWldESTBfVUZWNFdzMWozbGpLVFVNaEVIV0JlZUFBU0ZjMmFCeWNMazVuM1BsNUx2Z3VlajhHQURuR3cyNDd0LTY5YVJsVGpOU0E1RmtsZmVyb1JyOEgyQmNCeFJZT3U5bTBPSlZuNmdtdm10bzNwSmhyMmNLNkRrUU5EYVRxVG1McjVJSmNqZTBTb0dmRk15UlJtOWFubl9TTFRMUnJmQm5MTg?oc=5,Securing CI/CD in an agentic world: Claude Code Github action case,Securing CI/CD in an agentic world: Claude Code Github action case  Microsoft,2026-06-05,web,False,False,google_news_rss,45,neutral
89bf134e56960b32,2026-06-05T17:10:49Z,github,GitHub,GitHub (general),Rescana,news_article,news.google.com,https://news.google.com/rss/articles/CBMi4wFBVV95cUxPMVNGS211RHEzUHEtemZjdlZrazF6R1pBRERZVS1USWN5alRORlpfTVBGd2VhMFV4RV9fU3M2ZVAzTlgwVjRnUE81c0hUQk5oTW0zdnIwNXF3RHdkNWdWd2x0UHlRdG11WmI4MXliSmhhR2lrLUVGc2t5T3QtZFA2SXh2UTRhNEpmd3oxVzVsaFVVRGRnSVlUUURzS3VsWG92cGJ4VUJZN1VMNmNPVUhQeF9ZdENwdWpyTXliWDdvVV8wUDFkNnVJRkJUOWJQbmw1WHQyM25xME5NSGwyT3BRalBsUQ?oc=5,Active Exploitation Alert: Critical VS Code Zero-Day Enables One-Click GitHub Token Theft and Massive Internal Repository Breach,Active Exploitation Alert: Critical VS Code Zero-Day Enables One-Click GitHub Token Theft and Massive Internal Repository Breach  Rescana,2026-06-04,web,False,False,google_news_rss,45,neutral
460ca1bef65302a3,2026-06-05T17:10:49Z,github,GitHub,GitHub (general),The Tech Buzz,news_article,news.google.com,https://news.google.com/rss/articles/CBMijwFBVV95cUxPUDdrNDk2U3ppMFlOcndETlRNZVRJZWlGQUJzR3hEMVpiRWRZN2ZQV0V4RzdLTk5xd1k4LUJ0bDRjekFzR0NlcXNqckFtSG00SHo0NGlwMVVMd3NoMl80UlltV3h0RkdQUUVhbDlZb3psWDFrOFBZTlp6WWkxQlFYZTMyN2JUaGlxTDNUb29rRQ?oc=5,Microsoft's AI Sales Stumble as GitHub Troubles Mount,Microsoft's AI Sales Stumble as GitHub Troubles Mount  The Tech Buzz,2026-06-05,web,False,False,google_news_rss,45,neutral
abe520ac85cb1252,2026-06-05T17:10:49Z,github,GitHub,GitHub (general),The Hacker News,news_article,news.google.com,https://news.google.com/rss/articles/CBMie0FVX3lxTE9xQ3dLV3lSaUVRMXRzY05OVjl3S3IzMEg5OG1IXzR6RDdVajhGb0VtYkYwanBHSHlodGhmZ1lWZzNMLTBMT3htUVluX1l6WDRGUGg4UG9qbVowU3NHendFMnc2bHhaNGZxb3Z0cFdLdF9FaTZjZmJhSllwMA?oc=5,One-Click GitHub Dev Attack Lets Attackers Steal Full GitHub OAuth Tokens,One-Click GitHub Dev Attack Lets Attackers Steal Full GitHub OAuth Tokens  The Hacker News,2026-06-03,web,False,False,google_news_rss,45,neutral
aa01a25ed4187217,2026-06-05T17:10:55Z,github,GitHub,GitHub Actions,wiz.io,news_article,news.google.com,https://news.google.com/rss/articles/CBMifkFVX3lxTE1CT1hQOHEtNFM5S3J5dW41akVkYVFzTE9ud0pmdzZTTmR3WWd3QzhlZDdhZDg0TVpXZnA5aGEyNUlqcW1JcnBRSVNaQ1d2cGFMblpYTWx0WkYtM3hkLXRQQWV0eW1SXzZkdHh2aEd0QmgzbkFFM2tlY1RsdzduQQ?oc=5,"Primer on GitHub Actions Security - Threat Model, Attacks and Defenses (Part 1/2)","Primer on GitHub Actions Security - Threat Model, Attacks and Defenses (Part 1/2)  wiz.io",2026-04-14,web,False,False,google_news_rss,45,neutral
742994c8017f7614,2026-06-05T17:10:55Z,github,GitHub,GitHub Actions,wiz.io,news_article,news.google.com,https://news.google.com/rss/articles/CBMiigFBVV95cUxNcnpTNXRWQzV3WnczdzVDcVp5TVl5bTdxQ2JpZm9WU1J1RDJmYkF2dG9VbXNyd05TNWRrNzlVQm9reWxBYlB4eUtQWmJmR24wTFRIT0tXdVFhYjJkb01DNC1FOXE5LUZXOUtTTDJkQ0lYMXNoMmlfOGl0WWpVcnBfbUMwT2RfX1FETGc?oc=5,The (In)security Landscape of AI-Powered GitHub Actions (Part 2/2),The (In)security Landscape of AI-Powered GitHub Actions (Part 2/2)  wiz.io,2026-04-30,web,False,False,google_news_rss,45,neutral
85bf93f5f8ec3aa7,2026-06-05T17:10:55Z,github,GitHub,GitHub Actions,The GitHub Blog,news_article,news.google.com,https://news.google.com/rss/articles/CBMihwFBVV95cUxQQTEyT0p0TEJncGJIdUhxUmlUSDdHRnRtclpNOHBrWmlLR0g2N1Z5MXRhajZHWkRLRXN6MnFkVTR0T1RiUEZlTzhLOHJBN2d4bG9GS1NkS3FTNWRwRWhCTFFqYTVnT2pyTDlRMURNSnpTdmFGZzhoMFlFNlhQRVVtUk4wV0E5aGM?oc=5,GitHub Actions: Late March 2026 updates,GitHub Actions: Late March 2026 updates  The GitHub Blog,2026-03-19,web,False,False,google_news_rss,45,neutral
efc6d1597ce81f69,2026-06-05T17:11:15Z,vercel,Vercel,Vercel (general),SaaStr,news_article,news.google.com,https://news.google.com/rss/articles/CBMiygFBVV95cUxPeDAzdnJsMzlkMHdzUE0zcnh1Z1lwV0tqaHAyd3hLTWFmOUVDV0REVFcxQjBUZlJYZFByR3RmMHV3aEpaN28xUU5TSHlCaENTZFdfNU1LaWhIQXlnTkdQdjZOd1ZXZjRGNmZMMnc0aFBYY1NjX2wyOGZOUTlYWnN6Ui1iNS04WTNtNUNxZFZPWFR1NW10N0xUQ1lqZEZGUFBVN3N3bGg1WURuUUl3S0VCeUI5bC1LVkpzZkVoQVN5WEd4ZDZYa1RzQ0lB?oc=5,"7 AI GTM Sessions on One SaaStr Stage: Vercel, Artisan, Lightfield, Attention, Qualified, Aurasell, and Relevance","7 AI GTM Sessions on One SaaStr Stage: Vercel, Artisan, Lightfield, Attention, Qualified, Aurasell, and Relevance  SaaStr",2026-06-04,web,False,False,google_news_rss,45,neutral
9a9df135320027eb,2026-06-05T17:11:15Z,vercel,Vercel,Vercel (general),The Cyber Express,news_article,news.google.com,https://news.google.com/rss/articles/CBMie0FVX3lxTE9nNXlFVGJvOGkxT3JnOWZQSEVhRHUyTUduMjdmTmVERDNJdExlQWM5Uld6ZEhRSnlCZnBXdkNrT3kyQkNBa2hxUllvRjROdE9IYTdtcFhBRGt2aURmdlpXYkpVcW5ZVmpWTy1PMGJ5d2lqaUQ5ZHh0YWJPTdIBe0FVX3lxTE9nNXlFVGJvOGkxT3JnOWZQSEVhRHUyTUduMjdmTmVERDNJdExlQWM5Uld6ZEhRSnlCZnBXdkNrT3kyQkNBa2hxUllvRjROdE9IYTdtcFhBRGt2aURmdlpXYkpVcW5ZVmpWTy1PMGJ5d2lqaUQ5ZHh0YWJPTQ?oc=5,Vercel Security Incident Traced to Third-Party AI Tool,Vercel Security Incident Traced to Third-Party AI Tool  The Cyber Express,2026-06-02,web,False,False,google_news_rss,45,neutral
ad15c6193cc2330b,2026-06-05T17:11:15Z,vercel,Vercel,Vercel (general),CyberSecurityNews,news_article,news.google.com,https://news.google.com/rss/articles/CBMijwFBVV95cUxPNkZCNXdTdHg1YnJhQTNCb1NkM3BuVXVOSkZiRzJXanRBVmgzeFRiZW4tNTJJeWtOX3pHcFo4dEI2REdMTnZTNVZ2T1dTWEt5UVNSMDhjdlVVdm9qUFBlMlpycGoyYjIza1BxaGFUZ2lDWVhYSmgyVF85Tmwxc2hFaXVkUHpHSWlEX0JEWVVXQdIBlAFBVV95cUxNcU12bVlSeVYyUUhYaFVxZllUMW5uNHdCLVQ3YTVJcm1ha3F3RWJ4Vks2dzBaalQybzFVMVdyaHN4N0UwellGRjdXd09qcGpwbHhCZmFQajBmLVRoemtCSWp2QnUtSnB4OVdYb1dOY3pDUHhZMzNQRjR3aktWdy1YbGlyTWR4QmhjSVcxQmpiSGJuTDFp?oc=5,"ClawHub, Cisco, Vercel’s Malicious Skill Detector Bypassed to upload Malicious Skills","ClawHub, Cisco, Vercel’s Malicious Skill Detector Bypassed to upload Malicious Skills  CyberSecurityNews",2026-06-05,web,False,False,google_news_rss,45,neutral
0a982a2cd3f5c41d,2026-06-05T17:11:15Z,vercel,Vercel,Vercel (general),IT Brief Australia,news_article,news.google.com,https://news.google.com/rss/articles/CBMihgFBVV95cUxPZlRoUzBKTG81NnEzYUVweEl0elJJald4RmdLcGQ5N1FpeGs1VDVlNGEzNXo1X095TVJrWlE5UzBGdHZVN0VTRWpZbXhJRGtxa3BKTmFwcXRZcHItS2stcVVUaVZBeHoyTFJLVDFhQjd0aTR4RGU4a0U3XzRwS1RGVWdDa0pRdw?oc=5,Vercel's v0 & Cleo win top prizes at Qld AI Festival,Vercel's v0 & Cleo win top prizes at Qld AI Festival  IT Brief Australia,2026-06-03,web,False,False,google_news_rss,45,neutral
40289ff4e0e0589e,2026-06-05T17:11:18Z,vercel,Vercel,Next.js,SecurityWeek,news_article,news.google.com,https://news.google.com/rss/articles/CBMia0FVX3lxTE0zV2tnWWw1blZoU0xHQmZQaWYyRU9LUXNBWmZqUkdDM3hMMllKSE5obGpwQVV4NzExazhTUWNOQzEwa2NXdEFEQktCTXp5ZGNoODJHZHJFUmtBNmRYLVdJaGhqLXJrWWVCd2Nj0gFwQVVfeXFMTjU3TmoxallTWTdwNjNiRHV2MUpreHNnMEYyYUtsNG5zYmNTVndnUXFNNFJPXzRIczJwRmFGMkJIR2J3TGJKemtmMUFmcEtpdlZWdzdkVzExUjZRYWNoWVdwQmtfU3YwWGdFS05KUmdyTg?oc=5,Next.js Creator Vercel Hacked,Next.js Creator Vercel Hacked  SecurityWeek,2026-04-20,web,False,False,google_news_rss,45,neutral
9782384eb2c325c0,2026-06-05T17:11:18Z,vercel,Vercel,Next.js,Railway Blog,news_article,news.google.com,https://news.google.com/rss/articles/CBMib0FVX3lxTE5xQTJseGc4M1pYcWpSak5md2FMUXRQSzV5RE9BXzhBbmF5QkQ1STd4M255QldLUG1FcjZVTENvcHlRWk54U1FkYTBPMDEzUVJtRUk4QU9ZOG04V2pBSlpKdi1fX25jb2lmcXNTVHRSUQ?oc=5,Moving Railway's Frontend Off Next.js,Moving Railway's Frontend Off Next.js  Railway Blog,2026-04-03,web,False,False,google_news_rss,45,neutral
f8b70025a9d0b5c4,2026-06-05T17:11:18Z,vercel,Vercel,Next.js,Forrester,news_article,news.google.com,https://news.google.com/rss/articles/CBMiowFBVV95cUxPYVVfSTBURzcwOE0xZFEzdGZRTnZ6cC1rSlZVeUlmT2IzamJPMk1meVc1a0dMeERyRWJMaU04UF9Eb05fZFlCajREVEhOdG1PVUNnVzRBTXFXYVZxZ01KUHIxcUpyT19oX0RiYWNOT2V2RnBMNXo3RWpITTJybUprRkVxX0FDakxjSkdzNHZ6eUE0RHVCeE1fRHRfM0pjblJQek1N?oc=5,When The Agents Take The Keyboard: Inside Cloudflare’s Next.js Rewrite,When The Agents Take The Keyboard: Inside Cloudflare’s Next.js Rewrite  Forrester,2026-03-13,web,False,False,google_news_rss,45,neutral
b4cdb6d197abff9d,2026-06-05T17:11:18Z,vercel,Vercel,Next.js,SitePoint,news_article,news.google.com,https://news.google.com/rss/articles/CBMifkFVX3lxTE4tVzhLWUhpWUlPeGhwbTVMU1RFczZSaWFmZWxoMGJFOFdZb1gyV2VHZHNCUHY3dW9mcWNxaWJSdFgwcWpYRE9vbFJ2NFdLbVpRYjZCdGtHckp3Vmstel93Y1NzTzRnekNleEw2MlNfa0pCYUJ0T1Y3MUlNdVJFdw?oc=5,DeepSeek API with React and Next.js: Build a Chat App,DeepSeek API with React and Next.js: Build a Chat App  SitePoint,2026-03-29,web,False,False,google_news_rss,45,neutral
4f4aa58145071aca,2026-06-05T17:11:18Z,vercel,Vercel,Next.js,The Hacker News,news_article,news.google.com,https://news.google.com/rss/articles/CBMifEFVX3lxTFBsMjZsUGltdVYwTHM5QjdvaDRMMk9ZdjFjaGFjakR0c0ROcVhuMy1KUUVHTUhwcjlqdWVEVW54MUNvNGdOMTMzZ1M3U1pYUjhnX0dUMDRhYURiYjc0VVdEenRHQllkSlJJaEFNb1dUdHZES3R2OGt1SnhNU0c?oc=5,"Hackers Exploit CVE-2025-55182 to Breach 766 Next.js Hosts, Steal Credentials","Hackers Exploit CVE-2025-55182 to Breach 766 Next.js Hosts, Steal Credentials  The Hacker News",2026-04-02,web,False,False,google_news_rss,45,neutral
896bb4a224970070,2026-06-05T17:11:18Z,vercel,Vercel,Next.js,infoq.com,news_article,news.google.com,https://news.google.com/rss/articles/CBMidEFVX3lxTE1UOXR3cV9YTXNtbXQ0Njh6aWh1LWNEcGhQZEs2Yi1WQnF4eXpvRkdXZXRkYzdJZUdJb2ZQX0h3VWlqelhFY3J1d0JlNXltR2Fjd3VBYnl5QldnMnAwV2NLQWFmdzdSN1F1QzJGR21sbWUwZUVL?oc=5,Cloudflare Releases Experimental Next.js Alternative Built with AI Assistance,Cloudflare Releases Experimental Next.js Alternative Built with AI Assistance  infoq.com,2026-03-10,web,False,False,google_news_rss,45,neutral
9737814ef00a50be,2026-06-05T17:11:18Z,vercel,Vercel,Next.js,tech-insider.org,news_article,news.google.com,https://news.google.com/rss/articles/CBMid0FVX3lxTE8zaEs3djBQWnBUaWxNVndTeDhaUlBuQUYzSEJ4NEhzRDdWNm5VTVdOTFhZX001azlaa2JkM1VfeXFNeUowa01Rb2lrWklGSi1DSmFHNXRoNUp2U0hXYTlXUkdtU3J2bVhrb01EYjZtYmZsalBvUjJN?oc=5,How to Build a Full-Stack App with Next.js: 13-Step Tutorial with App Router and Server Actions [2026],How to Build a Full-Stack App with Next.js: 13-Step Tutorial with App Router and Server Actions [2026]  tech-insider.org,2026-04-18,web,False,False,google_news_rss,45,neutral
aa04e0ed7b250f55,2026-06-05T17:11:18Z,vercel,Vercel,Next.js,tech-insider.org,news_article,news.google.com,https://news.google.com/rss/articles/CBMibkFVX3lxTFBySG9OU0ItWGhPc1BrempXWExwY2lybUFRRW0wSE1ka3E1STVBM09EcTJSM2FyQWs3SVMySktxX0M3RUJnUHJpTHZSUEItTGtpY3pUMjBabWVFS2dCeV9MWm0waU5yWTRlNy15UHpR?oc=5,Next.js 16.2 Tutorial: 400% Faster Dev Server [2026],Next.js 16.2 Tutorial: 400% Faster Dev Server [2026]  tech-insider.org,2026-03-21,web,False,False,google_news_rss,45,neutral
df9c11873a8e06a9,2026-06-05T17:11:21Z,vercel,Vercel,Vercel AI SDK,tech-insider.org,news_article,news.google.com,https://news.google.com/rss/articles/CBMid0FVX3lxTFBtZjdKdnkxWld5OE5UWFotUXNYUW82MmIxQ3VmdV9PNGNDNGM4WXIyLXBEZXZLUEFPTEhRcEdsX2VvcXhOWHpTaTlpN3dvRjJmemhJME9XQ2w0bEwtdmR6RjdaM1VYMnVHdElSUloyMmw0NWY3a1JV?oc=5,How to Build an AI Chatbot with Vercel AI SDK in 12 Steps [2026],How to Build an AI Chatbot with Vercel AI SDK in 12 Steps [2026]  tech-insider.org,2026-04-10,web,False,False,google_news_rss,45,neutral
646a177d7d633d8b,2026-06-05T17:11:21Z,vercel,Vercel,Next.js,SitePoint,news_article,news.google.com,https://news.google.com/rss/articles/CBMikgFBVV95cUxQa0VpV19YRVpnWjNvbUY2Y3NaMmpScXlfOTJrSWpHN2d2cVJrSXJkR0F3Vkk0NDdMbmxJZ0hDakpUeTNTa0U1V1JDSjJ6RFJ2QURXZzdvQVA0dG9NYTlFZFNpc3hFZ1d3NnZZZnNsNk9rTmdCVXhScnE1bUtHVk5PVDRKbmNWQTFRQXJ6QzNra0p5dw?oc=5,Next.js AI Streaming: Building Real-Time Apps with Vercel AI SDK,Next.js AI Streaming: Building Real-Time Apps with Vercel AI SDK  SitePoint,2026-04-24,web,False,False,google_news_rss,45,neutral
f709e9d5d92207c8,2026-06-05T17:10:28Z,openai,OpenAI,OpenAI (general),inc.com,news_article,news.google.com,https://news.google.com/rss/articles/CBMiugFBVV95cUxPek1LVFI0QU5Rc0otcVA2ME00ZFc4d1F6MEFzVjg3dXBJbF9ZTWNwV0Fwczdkc1BfX1ZLcGNLcVJZVVVCdDZtZ291NEVnWG1VaTBwNUJiMnRlajRRNUV5T3FPRnpUcThSMjFYWXYzd1RSVWRyUmNuR29Fb3d0X3p5S1Y1QVpIV2w4R0ZZQ0xvOEhLdUZvVm5RNVo5YUNmMkthcDMwenZlcUladjQ3aDBlVVFMZkdUWXlOclE?oc=5,Sam Altman Says OpenAI Will Exchange This Critical AI Asset for Startup Equity,Sam Altman Says OpenAI Will Exchange This Critical AI Asset for Startup Equity  inc.com,2026-05-20,web,False,False,google_news_rss,40,neutral
8f66c9ee98632b2d,2026-06-05T17:10:28Z,openai,OpenAI,OpenAI API,Contract Pharma,news_article,news.google.com,https://news.google.com/rss/articles/CBMitgFBVV95cUxQd0dDcEVJWmN3eUNCajloZWw3YTYtZHNMRHpJa0lRdkM2XzJfMHFtdjRtTVF0Sms2M3gtSkN4eXVUNUhIOVVPQU8yZl9ZYnJaM1dqdnRVeDRCaFVZRzVHYzI2bW5Xa3o1MXRqN0g2ZHJ1MzgzVGtRSXlqVWZsaUVTNU5rQ3ZMOEF2d3NycG1mRnNELUZSSko3SGVmX1BvenhjNlFWMzYxeGhaUHpINDYwTzVWWUx0UQ?oc=5,Hoth Therapeutics Deploys OpenAI API to Support Development of HT-KIT,Hoth Therapeutics Deploys OpenAI API to Support Development of HT-KIT  Contract Pharma,2026-03-04,web,False,False,google_news_rss,40,neutral
3fcd56f5f9a69633,2026-06-05T17:10:28Z,openai,OpenAI,OpenAI (general),OpenAI,news_article,news.google.com,https://news.google.com/rss/articles/CBMiZEFVX3lxTE9RaFg2Q3pCVU5icWEzMFd5bE05TnBGWjd1d1VRWnJvaEszWGhPWVZnSGR0Z0ZZZEVrVnYtb0lLQkRDUWk4WDVXbHpWamFsSFFHdUxFcTE0MzNXWXlfcDBjNXhMMlA?oc=5,"Advancing content provenance for a safer, more transparent AI ecosystem","Advancing content provenance for a safer, more transparent AI ecosystem  OpenAI",2026-05-19,web,False,False,google_news_rss,40,neutral
e970e1a3d1565f3d,2026-06-05T17:10:28Z,openai,OpenAI,ChatGPT,Business Insider,news_article,news.google.com,https://news.google.com/rss/articles/CBMimwFBVV95cUxOTER1SmxpMnNoTC1MZ0pBNGxDYVYzSFNqcDljSlN3YU9oUWxwdnlGeXNSWXV1SWpzbkpGUnJPb09BME0yajJRRGN0bE55dXRfb3BFbXFmN3hHTklRWnJSQUNMODJvZGI2cUpEQXVCci12Q29QMVJsdTF5UXZoVkRMSkJsREI2VHdJMjY4Mlh5emJrU3NzVUxMb25Fdw?oc=5,OpenAI is generating over $1 billion from something that has nothing to do with ChatGPT,OpenAI is generating over $1 billion from something that has nothing to do with ChatGPT  Business Insider,2026-01-22,web,False,False,google_news_rss,40,neutral
994ccbd6859ef30f,2026-06-05T17:10:28Z,openai,OpenAI,OpenAI (general),OpenAI,news_article,news.google.com,https://news.google.com/rss/articles/CBMidkFVX3lxTE8xR212bWNQX190Wi1IREtzcGpaSThtYnVHMXFzaHhHYXRLSHZ4QUtZM2VscHBaekhweTR4ZU5VMFR0RU9jVHR6VEM3azVlREMtNVdoX2RfaFVtQlBTLWxiNmpCWUIxRTQ3bzZld3FsRERiNDl3b0E?oc=5,The next phase of OpenAI’s Education for Countries,The next phase of OpenAI’s Education for Countries  OpenAI,2026-05-20,web,False,False,google_news_rss,40,neutral
2c6c2d7079292085,2026-06-05T17:10:28Z,openai,OpenAI,OpenAI (general),OpenAI,news_article,news.google.com,https://news.google.com/rss/articles/CBMiU0FVX3lxTE5VekFJMmlVNXdia0daMGh6ZEIwME12cE0yX2hBYzNQYWlLQkx5b1ZTMGs4aTNDVkFpLXMtT2pYM3JxTUNQeW1wc2dSQVo2N1pZMUVJ?oc=5,TRUSTBANK uses AI agents to personalize Furusato Nozei gifts,TRUSTBANK uses AI agents to personalize Furusato Nozei gifts  OpenAI,2026-05-12,web,False,False,google_news_rss,40,neutral
100f1fb99441eea2,2026-06-05T17:10:55Z,github,GitHub,GitHub (general),OX Security,news_article,news.google.com,https://news.google.com/rss/articles/CBMia0FVX3lxTE1sbW5KWEF1TWhzQ3NQNmtNRFBjR0o0cjlOQmlucEtJU3R3STlVWGxEN2gzMVg0U1RQdDNxVlNfYU1fYjJaRGlYaUhtSmJ0OUFxS1daenZ0M2RGQWF2WGhkSFNYa3dxZlpGX1Jr?oc=5,"Megalodon: New CI/CD Malware Spreads Across GitHub, Infecting ~5,000+ Repositories","Megalodon: New CI/CD Malware Spreads Across GitHub, Infecting ~5,000+ Repositories  OX Security",2026-05-21,web,False,False,google_news_rss,40,neutral
47a493d28c4e0dcc,2026-06-05T17:10:55Z,github,GitHub,GitHub (general),The Hacker News,news_article,news.google.com,https://news.google.com/rss/articles/CBMifkFVX3lxTE4zbjFRdHJaaDJ1VjFzcHVEd21Yd3M1aDFEaFRIcktIUFU4Wm03eTNNc3gwY25BMUJFaHNlaUxPaENoOTJfbHZJckNXT0ZILXBsdFVIcjQ1REVURy1zaXdDZ2szNDZ5UVU5b04zakk5dlVlc2RaV3JZNFFRQW1RZw?oc=5,Popular GitHub Action Tags Redirected to Imposter Commit to Steal CI/CD Credentials,Popular GitHub Action Tags Redirected to Imposter Commit to Steal CI/CD Credentials  The Hacker News,2026-05-19,web,False,False,google_news_rss,40,neutral
22e1f2b6a682a12d,2026-06-05T17:11:15Z,vercel,Vercel,Vercel (general),wiz.io,news_article,news.google.com,https://news.google.com/rss/articles/CBMiT0FVX3lxTE9aVl92VjZyT29EbHF3T3JyUkt6YU5kWnFROHZvWng3MGlPaUxpZmlGX0FMMkpMVUhPWnFGV0NXSWZ1bmNpa3dGNDZyWUs1Yzg?oc=5,Vercel integration,Vercel integration  wiz.io,2026-05-26,web,False,False,google_news_rss,40,neutral
cd59c216f030eccf,2026-06-05T17:11:15Z,vercel,Vercel,Vercel (general),Amazon Web Services (AWS),news_article,news.google.com,https://news.google.com/rss/articles/CBMinwFBVV95cUxQN2pCekJ6eWtZR01hZmxUVzVJdkZZR2hKcUFSaU5sZWRkMUZodGNNaDV4QW5nclFmblg2LURMR3NicDh4dHJQLVp2UlYwcElLSHVRV2pzY1UzNENpdWwyYy16RjRDeGRISzlLdHFmUnBvdGlRM1EzYW85ZEs1U1l1VlFuV1JzVDJHMjZVYUhtSnJ4MndiR016R0RReGVVSlE?oc=5,"AI-native, full-stack web apps with Vercel and AWS Databases","AI-native, full-stack web apps with Vercel and AWS Databases  Amazon Web Services (AWS)",2026-05-27,web,False,False,google_news_rss,40,neutral
abafd86401054ddb,2026-06-05T17:11:15Z,vercel,Vercel,Vercel (general),infoq.com,news_article,news.google.com,https://news.google.com/rss/articles/CBMicEFVX3lxTE1xUVE1NEt5ZXlOSmt0cDFXV01YRDQ4UkRQWXBVck50Q0pCTC1zOXV2azkxWEZfVTJ2ODhRcHpYUXFPaXktcWZlVkpJM2gxWGF5c21HbFlySVRCeVp3RnZCaTN5Q01qT0JOYm51M0N6UVg?oc=5,Vercel Releases React Best Practices Skill with 40+ Performance Rules for AI Agents,Vercel Releases React Best Practices Skill with 40+ Performance Rules for AI Agents  infoq.com,2026-02-27,web,False,False,google_news_rss,40,positive
c11338e24872e4e9,2026-06-05T17:11:18Z,vercel,Vercel,Next.js,The Cloudflare Blog,news_article,news.google.com,https://news.google.com/rss/articles/CBMiS0FVX3lxTE4wd2VZYnVxU1B6OTVJR01CRHhpQWdvNEQzRzYxdWNfM0JvemdTLWo2emNNWUFDTmxhd3YweElzSFNDQWdhdWoxWFp2Yw?oc=5,How we rebuilt Next.js with AI in one week,How we rebuilt Next.js with AI in one week  The Cloudflare Blog,2026-02-24,web,False,False,google_news_rss,40,neutral
199854d44a33edec,2026-06-05T17:11:18Z,vercel,Vercel,Next.js,Microsoft,news_article,news.google.com,https://news.google.com/rss/articles/CBMikwFBVV95cUxPUV9fN3MxT0FsNmJtZXpqSjRwbVZfTHF2ZTRLN1VxQ0c0WmV1MkxEUHZtTUNNLUl3NUh6UUdaZHM5dXJMQTZzWWduRVZjVXVvT3duVExEeWdwZ2RUdjFtcTBGRlc1UU5lSTNJTkZPcEFMRUZ6aWNMR0RlUGY0TTdOcnNWMlkwZG90b3YtVWg2bXo3T28?oc=5,Developer-targeting campaign using malicious Next.js repositories,Developer-targeting campaign using malicious Next.js repositories  Microsoft,2026-02-24,web,False,False,google_news_rss,40,neutral
0b6d4656cbdcd05a,2026-06-05T17:11:18Z,vercel,Vercel,Next.js,DevClass,news_article,news.google.com,https://news.google.com/rss/articles/CBMi7gFBVV95cUxPY0RhOGRMYjNpOE1CeUdiNEkyM3pkUUg3REs1cW4yRU9ZaVc5eTRKcnJtUFZCQmF3WGVCVlRrQ0JvdWdmZ2lzU0dPZ0wxTlhHNkVpN2I1Z0FJT2VFYkpJMWlzX3JLT0szYU91M2tSQmFFczJqQS1wbkMyemNUdnNkVjE2QzhBNm83ZlJIMzNNdW9HdDJYclJweGR3X0lhU0dMUzExZmowbHUwWGU2TU9SZXFyeXA0RXhnVHFuLUxQZkN1SWdhRnNoVWhVWUdiUDlaUDZHel9QcE1MZ21uWG9qZDYyLXcteGRSVTd4LTNB?oc=5,"JavaScript survey reveals gripes against date handling, Webpack and Next.js - and that 'TypeScript has won'","JavaScript survey reveals gripes against date handling, Webpack and Next.js - and that 'TypeScript has won'  DevClass",2026-02-10,web,False,False,google_news_rss,40,neutral
b01695322ad4bb6c,2026-06-05T17:10:28Z,openai,OpenAI,OpenAI API,Microsoft,news_article,news.google.com,https://news.google.com/rss/articles/CBMizAFBVV95cUxOS0hiazZ4cUgyRzkwZTdhOVJvVWtvb2lGc2hSQ0p0WDVibTlpWENUVWtFbVJuMm00dmF0SzdfX1NhcTJFLVJNSFdGWWQ2RDE1cGxpM3Z2X2hYdGFIdEVaRzZxLUdFXzVIbEtuYXJfZXRxUGs4UmdmUjJqUG9jWXkxQzE4R05BX0lCal9ONHZjSjVnY3lkZlBFOHpUb1JVdEE4X092eDM5WXMxUUxNTU9vTnVOb1BibVFqdm9KMDVBNjRacDFqc2JNM09STUg?oc=5,SesameOp: Novel backdoor uses OpenAI Assistants API for command and control,SesameOp: Novel backdoor uses OpenAI Assistants API for command and control  Microsoft,2025-11-03,web,False,False,google_news_rss,35,neutral
77241e1000d55b99,2026-06-05T17:10:28Z,openai,OpenAI,OpenAI (general),How-To Geek,news_article,news.google.com,https://news.google.com/rss/articles/CBMikAFBVV95cUxQTEttNldEemZuTHJ3clRMblBLYWVobl9MZnN5NzRUMnAxOTZaYWZPVUZRcUxNZl96TnN3ekZ4T05UZWUyQXlWdE5YbVBQblRHcWp5SEF2VURra0EwZkRIbG1Od21KWGdMU0lkRHk2WXRhdHJuZ1NHTWlWaklRSFh0RGRDd1Z0MHMzS0xYWVQyYXE?oc=5,Google and OpenAI offer free API credits—but there's one catch,Google and OpenAI offer free API credits—but there's one catch  How-To Geek,2026-03-12,web,False,False,google_news_rss,35,neutral
aaa9cfe68952700f,2026-06-05T17:11:15Z,vercel,Vercel,Vercel (general),OX Security,news_article,news.google.com,https://news.google.com/rss/articles/CBMihwFBVV95cUxNdXZ0Sy1qcmtPOWJ3aEs2NlA3b1c4N0RXb3pyT3BRbzNWNUE0Q3U0clphRzRIY0lKckt3MDNsUE4xUmxpVmg0ME8xWkNpc1F3Rld6ZkpZTWNJamJLNjJBTzlJVzJIeG16NjVFcDZjNnE2MnB6RjZvZmpiYzkyY1o1SDUtbTI2bFU?oc=5,Supply Chain Attack Hits Vercel: User Data is Being Sold on BreachForums For $2M,Supply Chain Attack Hits Vercel: User Data is Being Sold on BreachForums For $2M  OX Security,2026-04-20,web,False,False,google_news_rss,35,neutral
d1ffced2b5621c56,2026-06-05T17:11:15Z,vercel,Vercel,Vercel (general),trendmicro.com,news_article,news.google.com,https://news.google.com/rss/articles/CBMijAFBVV95cUxOaGU4MDlMS09JSkdmMG5nS0hFdHhNeC05Y1hGMDQwTWZnalE0cE5zOXFHallLUy14NmxlUTlsaUFIU0VHNVp1cXNuMnJmTXpwNUJLT1NuQThsV1pFdzdxN1pZd1lteXVJX3VMZmZMTGFmSXduak9OdmNOSXhtamVrVkF5alR2U3p4T0Z5MA?oc=5,The Vercel Breach: OAuth Supply Chain Attack Exposes the Hidden Risk in Platform Environment Variables,The Vercel Breach: OAuth Supply Chain Attack Exposes the Hidden Risk in Platform Environment Variables  trendmicro.com,2026-04-20,web,False,False,google_news_rss,35,neutral
8b681e7d31bd0d15,2026-06-05T17:11:15Z,vercel,Vercel,Vercel (general),Cybersecurity Dive,news_article,news.google.com,https://news.google.com/rss/articles/CBMiqwFBVV95cUxPRVlTYWNpZUVtRFpCOHVvWHdYbDFlTTM2S2hqUDdVbWQwY2tPcE55V2Vub3dzVlExcE55N3ZBSkJuWThKZjYtbWljZUxid0xBRTBjZlVDdWN2UkJ5M2JEbVM5eDV5X2lVTXBGcGhNYlRYVlY4OFRIZEp1LTdMaXU1Y3dSSjU3OEZVaHhldnB0cnJJVjdZS3BkckRKSGRGZGJQRlFkbjdPOHRhZ00?oc=5,Vercel systems targeted after third-party tool compromised,Vercel systems targeted after third-party tool compromised  Cybersecurity Dive,2026-04-20,web,False,False,google_news_rss,35,neutral
b3ab71f80dfd2bdf,2026-06-05T17:11:15Z,vercel,Vercel,Vercel (general),TechCrunch,news_article,news.google.com,https://news.google.com/rss/articles/CBMizAFBVV95cUxPNkxuSE5kdDY3VXFwclBlQi1vTUNMSl9xTVZWT2dIUS12QTlMbWhCMjJKblJhZ3BsWnV4UllYMnhmVE9rVVFhZnREUkZ4MFZ2eXVma1d1aUpVQVFPdG5sVXdCYmZpV3FDQ3lIN09FeHpxanZYd1kxdXFOMWcwcFozbVdVNDRtUmx1OHBPVk4wUWJUa1VTOWhtY0hubG82bmNqX1ZydVlIV3VmM2QzZkF6emtlc294YjVxa2RhT3VZTVY5RkVaVzlxdmkxd3M?oc=5,App host Vercel says it was hacked and customer data stolen,App host Vercel says it was hacked and customer data stolen  TechCrunch,2026-04-20,web,False,False,google_news_rss,35,neutral
05e3fe7defd38a52,2026-06-05T17:11:15Z,vercel,Vercel,Vercel (general),CISO Series,news_article,news.google.com,https://news.google.com/rss/articles/CBMirgFBVV95cUxNbEtOdWhfZE1FYjNmdmZaeVNTNmVLaHo2NnE3OXdnNEpMT2Nxc0dia0UxeXZacDNsOERVRGVLS0txZmdsSGd5WHR6ZjhqaDJJMF9UQzkyTkstZ0xVRElqT3NkckNZa2c2SnRnY0NBbU96X2hvRDkzT1dLNGM1Y0t5R3VGcmRoa1BaWFN5MEVIMENmS0c0c1dHQVhGRmZ3VVhvYUsxVlVheGl0OUFFVXc?oc=5,"Cybersecurity News: Vercel breach, ZionSiphon targets water infrastructure, Bluesky DDoS","Cybersecurity News: Vercel breach, ZionSiphon targets water infrastructure, Bluesky DDoS  CISO Series",2026-04-20,web,False,False,google_news_rss,35,neutral
10a370b87fad68e7,2026-06-05T17:11:15Z,vercel,Vercel,Vercel (general),CyberScoop,news_article,news.google.com,https://news.google.com/rss/articles/CBMiY0FVX3lxTE5aaEhKZTFlYkpSWDdyWDNHLUstcFlOTDk1dllnMFJSbEUtUlBiNkRpY1lKdkJna0VwWGZ3amNjWUxWTnpra0FabF82N0FRTE1zRXVqTUM4LWVjN0Z1QWM3ZkthRQ?oc=5,Vercel attack fallout expands to more customers and third-party systems,Vercel attack fallout expands to more customers and third-party systems  CyberScoop,2026-04-23,web,False,False,google_news_rss,35,neutral
804e8851ab8d992f,2026-06-05T17:11:15Z,vercel,Vercel,Vercel (general),Rescana,news_article,news.google.com,https://news.google.com/rss/articles/CBMi4wFBVV95cUxQUnh0U3VFRGVjc0lHTUMzY0dDZ0dhRmhTbUpIdlJ0RUphX0U2WjZBMktfeG9LVUJweDZHTThXWnpBUF8weXVrWU9qMDR6X3ZaRnc1ZWpZOTYyREhBSURYaWYwNnNyb2VlbjB3VHl2OWptU005NGphaFRNWWZnTFpsWUdhdFpGemZNbnlqa0p1bFctQWtINlk2dzYwY0tyMlZoWFZlSEV4b3lrd1ZnMVFzb2dyV05VcW1PeEpzYXZ6YUlwREJpcmNpOXVnTlZHU25aRHBEOVVHZi10eVYtU00zWWJtOA?oc=5,Vercel April 2026 Security Incident: Context.ai-Linked Breach Exposes Non-Sensitive Environment Variables and Customer Accounts,Vercel April 2026 Security Incident: Context.ai-Linked Breach Exposes Non-Sensitive Environment Variables and Customer Accounts  Rescana,2026-04-26,web,False,False,google_news_rss,35,neutral
aedb09b561a5ea62,2026-06-05T17:11:15Z,vercel,Vercel,Vercel (general),CISO Series,news_article,news.google.com,https://news.google.com/rss/articles/CBMipAFBVV95cUxPRUtXNWlRUGJWM1ItOWthWVEzcGVQaW1MZTN0LWJEdjM0VFY2QndoNnh3SnBrRXJGSkZGR25YV1k2aG9PQmdDeGhIaVYtQW1WRzBobjJVbUg0NDFJREZQYXZQS3I2QkpFNkZnNEtUbVRDZzRpV3pGaGxYWnlvd3AzODRfUVIxVkttUVR5T1lPM1RUOTBMRldsZmYwR2MxQl9PUmVoeA?oc=5,"The Department of Know: Vercel breach, a ""Contagious Interview,"" and ghost breaches","The Department of Know: Vercel breach, a ""Contagious Interview,"" and ghost breaches  CISO Series",2026-04-24,web,False,False,google_news_rss,35,neutral
7d002fd8c3d1b7bf,2026-06-05T17:11:15Z,vercel,Vercel,Vercel (general),TechCrunch,news_article,news.google.com,https://news.google.com/rss/articles/CBMirgFBVV95cUxOV2N1NEJpODdCMnI1c1RabnZLa2V2UThfQkdSX205b3Zyem1RNk5uckE0bVFUQnpNOXp3Z1BBcWdUNG1GTWRLdWdZRUFtOGVYWkxtNjZxWkNGU2txelJrZEt2X1pLamJ1OTVhejloOTNPS2ZZME41SE10VWY3WmVaelFrS0taMi1aY212X0JIcjhjU0dEMmdQVXdjOFdtYXZKNXA3VEVzTmZ5cExtclE?oc=5,Vercel says some of its customers’ data was stolen prior to its recent hack,Vercel says some of its customers’ data was stolen prior to its recent hack  TechCrunch,2026-04-23,web,False,False,google_news_rss,35,neutral
33e8bc49561e8aad,2026-06-05T17:11:15Z,vercel,Vercel,Vercel (general),Tom's Hardware,news_article,news.google.com,https://news.google.com/rss/articles/CBMi2wFBVV95cUxQNWxMR3pXVjZIV3hZUEc2QVpmVTVaQUtTUk04TUt4QlhuN0swMnhLcTZWUVZHaXBNZndHVjRBY2ltN2pmX2J4bWZLcHpnclFiQnVEajdCelN3ZDZjU2hoM2NpSFJqVm50ZTFpZ0ZrM0FtSkUtLXM2QVh3TVUwQjB6WklkZG96dF9wMDF4NFlXQ2VId1R6clFfcW1SQXJMM0FLT20ycnhFN1Mwcjc4dFBGaWpUaTdvRVE2WmNPbWRETkNnUlBMb21HSHIwUFdPN3MtZFJidkhUTWpXX0E?oc=5,AI cloud company Vercel breached after employee grants AI tool unrestricted access to Google Workspace — hacker seeking $2 million for stolen data,AI cloud company Vercel breached after employee grants AI tool unrestricted access to Google Workspace — hacker seeking $2 million for stolen data  Tom's Hardware,2026-04-20,web,False,False,google_news_rss,35,neutral
389b3cc9cfe1123d,2026-06-05T17:11:15Z,vercel,Vercel,Vercel (general),SaaStr,news_article,news.google.com,https://news.google.com/rss/articles/CBMi3wFBVV95cUxOSVpPeVNSc01PckJqUjE4aUR0T1k3SllidkhFUDhfYm9CODVnenpuWktZN2pNa0txNm92WUh2ZTJNek5odFNJeE9wMlE2VDNPNGJYQTNRUmlwM3R6bHVKcE9fYkwzNTg0aGVaa2tFNDBSbDhxeHZnenJGd2lvc2hwSmM0enktdjBzN3FGZWRWcUNyY3Q2V3N1d1pwZWlKekoyRUVDVmR0LVRaclA3VFI4eWNHUlZpSkRscmJxajFCQjRVZFFZeHRCMlhkb1hJYTM2RDNwNkxpSnZjcEJqcTlz?oc=5,"SaaStr AI App of the Week: v0 by Vercel. The Vibe Coding Tool That 4 Million People Use to Ship Real Software, Not Just Demos","SaaStr AI App of the Week: v0 by Vercel. The Vibe Coding Tool That 4 Million People Use to Ship Real Software, Not Just Demos  SaaStr",2026-03-14,web,False,False,google_news_rss,35,neutral
b94d0b46ef2a2aec,2026-06-05T17:11:15Z,vercel,Vercel,Vercel (general),CyberScoop,news_article,news.google.com,https://news.google.com/rss/articles/CBMilAFBVV95cUxPRFhKT2t2RFY5Z0MzSUxjeGxaaGdRSUxQS19PTnhOZVdSU1FsOHZOZGx1NnRBbWhQLVBYQy1vcVJyZzJQak80TWJmLXVEbndPc19FaF93QkJkeGVXNThqNEtFSWVYdEdNS0hHcU1hWEExVkVDdk9lekJRTEVkbkkyWThJYm5SSnlETTBVZW1RYjlxVzVW?oc=5,Vercel’s security breach started with malware disguised as Roblox cheats,Vercel’s security breach started with malware disguised as Roblox cheats  CyberScoop,2026-04-20,web,False,False,google_news_rss,35,neutral
c1ad0bff8c3db570,2026-06-05T17:11:18Z,vercel,Vercel,Next.js,Cybersecurity Dive,news_article,news.google.com,https://news.google.com/rss/articles/CBMingFBVV95cUxOMTdkdjlDZXVEdHJPRnEwNm1WcmxRY09TeW0wZ3RtVHY0OUxqUXFaUTNMUHRCejhXa244RWNNSncybnNfZUVvVXVKNEhnUFN2TUMzMFpuX0kzRFRPNFhhRFBOWm9BZzhIUUwwMGJBSDZEMk9iSjZDd0trQks4dUxjczQ5U3NuQVNlaTRvWDhjNjJCSUVEdmdNNkJfc1VMQQ?oc=5,Critical vulnerabilities found in React and Next.js,Critical vulnerabilities found in React and Next.js  Cybersecurity Dive,2025-12-04,web,False,False,google_news_rss,35,neutral
18385500f11353ef,2026-06-05T17:11:18Z,vercel,Vercel,Next.js,StepSecurity,news_article,news.google.com,https://news.google.com/rss/articles/CBMiyAFBVV95cUxQVTh6Q2paZXlKUnFGQ0k1VHdYVkZLQ01rTjdGN2t0ZUJ1MTJrbklsSThlM012NGJSc2FBMDJIM0psdjdaUDh5ZjhyUEpqeVRjMVVoMWZfM1p6MlpQNC16eDFLWGJyQUJrQkJUN0lHYnREUUFBTTgwcDlwbUlka1hnNU5WLXd0bFIxRUE3a284ajh1MjdqTmE3VDMxeER3Yml2d2M3elh3a3dfVTlRQ1hqcXMyczFZTnNpeHB0M2dRTnRlWHJwcDk0Tw?oc=5,Critical Remote Code Execution Vulnerabilities Discovered in React Server Components and Next.js,Critical Remote Code Execution Vulnerabilities Discovered in React Server Components and Next.js  StepSecurity,2025-12-03,web,False,False,google_news_rss,35,neutral
4212ca08b31415ef,2026-06-05T17:11:21Z,vercel,Vercel,Vercel AI SDK,The New Stack,news_article,news.google.com,https://news.google.com/rss/articles/CBMihAFBVV95cUxPZF9MTGVjVmNvdTVDeGNfb0Iza25yZzZOSWh3dFhYZUh3dlFsUGtXdWp4SXVJN215U1dtSldQRzd6Zm0zYjhpWm00QVZaZ1pFRU9WT2ViQjVLNl81UkZKZGdCa21kMFZzZ0dEcVZSekFzb1FlN2RIRGJFVTA4MzBVVUJoM1I?oc=5,Vercel’s Next Big Thing: AI SDK and Accelerator for Devs,Vercel’s Next Big Thing: AI SDK and Accelerator for Devs  The New Stack,2023-08-31,web,False,False,google_news_rss,35,neutral
7040b2d28dcc05a9,2026-06-05T17:11:21Z,vercel,Vercel,Vercel AI SDK,VentureBeat,news_article,news.google.com,https://news.google.com/rss/articles/CBMipwFBVV95cUxOTGE4UUd4UFV1a2xNQm8yUE5RT3JxTlI1Ynp6WkRXWk1kejM2NU1EMVdHVDdVZlZDZlg5S1NOYV9sb0p0TjRHRXBEbGVwWFFjSjA2M1hlUHhRRWdzRmhMZ2JNVm9fdmRqYTR3T0l5bjIzeWFJRUJ2aU01MXRWNXhFX2pDZnVKNzhTWHBaUHdBQ1FZUmpQZlhCSzZLTV9QYmdxdjM3eTZCTQ?oc=5,"Vercel acquires ModelFusion, launches AI SDK 3.1 for enterprise AI development","Vercel acquires ModelFusion, launches AI SDK 3.1 for enterprise AI development  VentureBeat",2024-05-02,web,False,False,google_news_rss,35,neutral
01ae09368f09e16a,2026-06-05T17:11:21Z,vercel,Vercel,Vercel AI SDK,infoq.com,news_article,news.google.com,https://news.google.com/rss/articles/CBMiXkFVX3lxTE92MHJodWtxcFE0akpOQzQ2R0Y1QWh6RjhlSEMxbU5TVlhKaGJ3YTh1S2RaTHozV1A4cTIxNVgzeVhxNllOVnhhWTV1ZzlHV1RpeVRBM0RPUmpYQ3hYRXc?oc=5,Vercel Expands AI Toolkit with AI SDK 4.0 Update,Vercel Expands AI Toolkit with AI SDK 4.0 Update  infoq.com,2024-11-24,web,False,False,google_news_rss,35,neutral
1828374384f3f809,2026-06-05T17:10:28Z,openai,OpenAI,OpenAI (general),AJMC,news_article,news.google.com,https://news.google.com/rss/articles/CBMitAFBVV95cUxPbHl1V0JFTTItcGE1MnFyelBlb3VuQlR3Q0Q5TGxPdWJRcVZKVWJqS2czdGlLN3Jhemc4TXFCdlRxck9JMFZ4SFFFM3prTm9zQWMyaXdsdE54YmVfVjdIVVdNUlZIOF9TanJXVWZQSjVPVDNmWVpxbjhlbnFibWdVMmZkd3M5ejQtNlY5LWN1SUI1bVRGUTFFS0VHZ2xzZ1E1Y0pNZjBiTUJuOXEwcjJ5ZTNBa0Q?oc=5,"OpenAI for Healthcare Aims to Streamline Clinical Workflows, Reduce Administrative Burden","OpenAI for Healthcare Aims to Streamline Clinical Workflows, Reduce Administrative Burden  AJMC",2026-01-12,web,False,False,google_news_rss,30,neutral
a99dbddcd3ac4fda,2026-06-05T17:10:28Z,openai,OpenAI,OpenAI (general),OpenAI,news_article,news.google.com,https://news.google.com/rss/articles/CBMiW0FVX3lxTE1ac01FWDBVRTI4blJVdDlLdkNrQWV3d1dOZE41cUViMm1kbThpUDdkbWRHLVd4M0JnNHlHMFltemw2alZjeUluUE1wLTRRRG94dWRPNHBWV0hHV1E?oc=5,Introducing OpenAI for Healthcare,Introducing OpenAI for Healthcare  OpenAI,2026-01-08,web,False,False,google_news_rss,30,neutral
07a6e67ec0868624,2026-06-05T17:10:28Z,openai,OpenAI,OpenAI (general),OpenAI,news_article,news.google.com,https://news.google.com/rss/articles/CBMiWEFVX3lxTFBfWUJGVXR5TEZOR3lxZDlVVzMzVHJ6TEZZdTNmOGRQLVJjcmhXazMxdjhSbXRLVzZoUmk5VGtyUWs4djN6UTdTUzJ3bFFibi04bFdDSktjalU?oc=5,Introducing GPT-5.4,Introducing GPT-5.4  OpenAI,2026-03-05,web,False,False,google_news_rss,30,neutral
36ba03b70b153289,2026-06-05T17:11:21Z,vercel,Vercel,Vercel (general),infoq.com,news_article,news.google.com,https://news.google.com/rss/articles/CBMiXkFVX3lxTE00SGg1bi1IeGxMM2tSU1o2aVp1c2t0cldTT2NxZVFESXloMGRGcUQ1OWRjUVJEUTVBWnVGLXdKTW9HY3hua1I0LWJkLTY3UFRIUlI2XzZQSnp2UFB2QkE?oc=5,Vercel Releases AI Elements Library for React UI Integration,Vercel Releases AI Elements Library for React UI Integration  infoq.com,2025-08-12,web,False,False,google_news_rss,25,neutral
707051458c8083dd,2026-06-05T17:11:21Z,vercel,Vercel,Vercel (general),CMS Critic,news_article,news.google.com,https://news.google.com/rss/articles/CBMijwFBVV95cUxPOS1oTUozWUQyQWFDNmZaZ0xFMG5YbW9YRjc0YXhDLW1UMDFfSmRZTm1VUUtTeHJJbjk2SmFDQjdBbTJvUDU5Z2VnYUlvZlpKNUtQNENhVjJxbFNUbnlNbnpRS2tMaU9ybzFsYnJudHFfbzhPZ0x0T2h2ZTZLLWpmM2Z5dnBLSkRPX093OHJMbw?oc=5,Vercel Introduces SDK for Building AI Apps with React and Svelte,Vercel Introduces SDK for Building AI Apps with React and Svelte  CMS Critic,2023-08-20,web,False,False,google_news_rss,25,neutral
accbb2720ab8baaa,2026-06-05T17:11:21Z,vercel,Vercel,Vercel (general),Social Samosa,news_article,news.google.com,https://news.google.com/rss/articles/CBMirgFBVV95cUxQTVRiSUlueTUtTWthVGUxNG5aZ2I3YVIzMDZKOEtKT1IzaG5uS3U0eFRGZDAxSVc5SlhqbHJqbU9ZSlN2a0ZoQjdyTmlPYWtWbVl4TjB4Yi10VkgtR3RMR3pFVjFuZnJLSGVxQlFCd2pVNHFIandsbTBmdGltQWVmVGU1QmZaSzVTaDNCd3FZcDJPMTBjMW83UTIwR1UtUGM3RVFENDh1YWJJRXQ5MHfSAa4BQVVfeXFMUE1UYklJbnk1LU1rYVRlMTRuWmdiN2FSMzA2SjhLSk9SM2hubkt1NHhURmQwMUlXOUpYamxyam1PWUpTdmtGaEI3ck5pT2FrVm1ZeE4weGItdFZILUd0TEd6RVYxbmZyS0hlcUJRQndqVTRxSGp3bG0wZnRpbUFlZlRlNUJmWks1U2gzQndxWXAyTzEwYzFvN1EyMEdVLVBjN0VRRDQ4dWFiSUV0OTB3?oc=5,WPP & Vercel extend partnership to support AI integration in marketing workflows,WPP & Vercel extend partnership to support AI integration in marketing workflows  Social Samosa,2025-06-25,web,False,False,google_news_rss,25,neutral
09431dbcdb4ea023,2026-06-05T17:11:21Z,vercel,Vercel,Vercel (general),Business Wire,news_article,news.google.com,https://news.google.com/rss/articles/CBMijAJBVV95cUxQZWRjNE5YaFg4Z3M1cHNOWE44MTduVi1feXliSDNqSW9FWW5kTnJSMEE1YnF2WTN5MnZRWWRES0dPTU9TQmowaG1OeWtmMG05ZFlXS1N6OVFBckpuSk83LXFtQmlSaXlpS3AwT0REanlRa3RxSl90QlpuNUZ2M2FzTzRLY25UMlV4dnVzaHpvRUxMR1FtTGtaMGJ1NlEzZUk2OVhQYXNEMWVTTkdQQ1ZBcmd6bU9hTm9iWlQ5ZnZlcUxma2JDUGt6aUZ5STZGZnU0LWYxNjFFMWVycmRwUHBMRTZ1U3VQUjZhMTJ4ekV4aXNfTHp2Rk82bUNpelV6RUJ2QWxDNU9OOTJNTEhX?oc=5,Vercel Raises $250M to Accelerate AI and Security Innovation and Deliver Next-Generation Web Experiences and Applications,Vercel Raises $250M to Accelerate AI and Security Innovation and Deliver Next-Generation Web Experiences and Applications  Business Wire,2024-05-16,web,False,False,google_news_rss,25,neutral
7592fcd8529eea9b,2026-06-05T17:11:21Z,vercel,Vercel,Vercel (general),Business Insider,news_article,news.google.com,https://news.google.com/rss/articles/CBMikAFBVV95cUxNcTMzaXYxaWMzdTdKOTlXQjgzUFZaZDFGdzl4RTBnLXduQk5IOURkRkxmY0dNUEkzR05TdkxXZlZzOTFNRlBsSkpPZVlWTDBUYU9DTGZnV0xteG9zZzd4eUljN0lZY29iSm5MSVFFMUhGVXhMWGZuQ2IxVF9jeXloSTdTNVljNmliVzhTcTRtN2U?oc=5,Stripe CFO Joins the Board of $3 Billion AI Startup Vercel,Stripe CFO Joins the Board of $3 Billion AI Startup Vercel  Business Insider,2024-12-17,web,False,False,google_news_rss,25,neutral
